--Roles
INSERT INTO roles (id, role_type) VALUES (1, 'ROLE_USER')
INSERT INTO roles (id, role_type) VALUES (2, 'ROLE_LIBRARIAN')
INSERT INTO roles (id, role_type) VALUES (3, 'ROLE_ADMIN')

--Users
--Password for user: "user", for admin: "admin", for librarian: "librarian"
INSERT INTO users (id, login, email, password, first_name, last_name) VALUES (1, 'user', 'user@com.pl', '$2a$10$pSuyKMsbV5u1blaLAAkSauK112Q/EA16a9TMiEhJ7pfcyLC8HFWFe', 'userName', 'userSurname')
INSERT INTO users (id, login, email, password, first_name, last_name) VALUES (2, 'librarian', 'librarian@com.pl', '$2a$10$ktwprWr7U5.O63eblIpOO.oVbY26.6pbRNkDX/UXp4BAh6U7XssNC', 'librarianName', 'librarianSurname')
INSERT INTO users (id, login, email, password, first_name, last_name) VALUES (3, 'admin', 'admin@com.pl', '$2a$10$UcCFooBDtPeWlQzyDHXTeOB1CDjEBcZkYHvb5km7D0.ilUdd.PRTW', 'adminName', 'adminSurname')

-- --Users roles
INSERT INTO roles_users (ROLES_ID, USERS_ID) VALUES (1, 1)
INSERT INTO roles_users (ROLES_ID, USERS_ID) VALUES (2, 2)
INSERT INTO roles_users (ROLES_ID, USERS_ID) VALUES (3, 3)

--Books & Authors
INSERT INTO book (id, title, isbn, description, category, pages, image) VALUES (1, 'Pan Tadeusz', '100', N'Składająca się z 12 ksiąg epopeja narodowa z elementami gawędy szlacheckiej. W poemacie tym Adam Mickiewicz zawarł wizję ginącego świata szlacheckiego, przepojoną liryzmem i tęsknotą za „krajem lat dziecinnych”. Epopeja Mickiewicza zaczyna się porównaniem utraconej ojczyzny do utraconego zdrowia oraz porównaniem cudu, dzięki któremu emigranci polscy mają powrócić na łono kraju z cudownym ocaleniem poety w dzieciństwie za sprawą modłów jego mamy do Matki Boskiej.
W "Panu Tadeuszu" tytuł wyraźnie sugeruje czytelnikowi, że głównym bohaterem będzie młody Tadeusz. Jednakże w trakcie lektury okazuje się, że oprócz niego pojawia się bardzo wiele innych postaci, równie jak on ważnych, a może nawet ważniejszych. Na plan pierwszy wysuwa się zwłaszcza tajemniczy ksiądz Robak, który objawia się w najistotniejszych miejscach akcji, a długo nie wiadomo, dlaczego jest tak związany z rodziną Sopliców.', 'Polish', 345, 'data:image/jpeg;base64,/9j/4AAQSkZJRgABAQAAAQABAAD/2wBDAAYEBQYFBAYGBQYHBwYIChAKCgkJChQODwwQFxQYGBcUFhYaHSUfGhsjHBYWICwgIyYnKSopGR8tMC0oMCUoKSj/2wBDAQcHBwoIChMKChMoGhYaKCgoKCgoKCgoKCgoKCgoKCgoKCgoKCgoKCgoKCgoKCgoKCgoKCgoKCgoKCgoKCgoKCj/wAARCADIAI4DASIAAhEBAxEB/8QAHQAAAgMAAwEBAAAAAAAAAAAABAUDBgcAAggBCf/EADwQAAIBAwMCAwcBBwIFBQAAAAECAwAEEQUSIQYxE0FRBxQiYXGBkTIIFSNCobHBUmIzQ9Hh8BYkNHKS/8QAGgEAAgMBAQAAAAAAAAAAAAAAAgMAAQQFBv/EACkRAAIDAAEEAgIBBAMAAAAAAAECAAMRIQQSMUETIlFxBSNCYYFSkaH/2gAMAwEAAhEDEQA/AMiEzxnAUs79iKItrS+kYt4Dhe/NWK1soYY92wOQfOmVpe3EW91gVkAOQTSjWwGiB28cyj3rNGuSV3ngAV8062Znj5JaQ+dGXllPfSGSEISzk7Rxt+Rpjpei6jGUZyiMh4BoOcgmXfRtGttPtkLoJJjyWbnB+VHuqCM4AAPypbHdXUqRxMo3qMM3lRUiySARhgVHcgVqW0kYZYWRFOQUwc+VdU3xljt4NNESNEUeYGDUarGXOTgDtnzppcqATKMFXeYtxG1s9/UVMxK48NiCBziutzKm5lJCsRxXFcM2UwRWgXNgEsLHOmX5t0RXkZsnIU9hR9xfB8uNu4cEAUj+ImPzOPLyolomZFLZ+1UftyZY4nSSVp5eRkelfOxODiuzJnkAgeWKIEGUPzpyMfckjBbaAT/WuuxpPhGfnmpTEwA2nP2omGA7ckfFVO2ybniCx25j5z3qZ1yBgmpxA4KkqeK40Sbzxk+eKFRvAgkzOLeNI2ztUAdlJruYGvoxEEEcYbJYVy0tjLuGQqjuaawW5hAVWBBHJA71zrrlztEYxkFjoMVv/EJLt+KPkKAE4Ab0x2qUSlUC4PpQqk5IdSzMeMdqXTZ+YsHZKcLGPD5buT60fZwk2zuxwxoW1iVmyTgV01DVIrOGRh/wowSzemKP5V3TLJ2TOqqu53wB5UOWicjHJrPOpfaHBb5j09DPJj9WfhFVh+uNee2MkPgRID+pI8k/kmp3E8wwJs0kIjkMsjYBGFz50TaKpYkkADuaxWx9pmswoyzpZzNjh3jwV/Bx/StT6U1iTqXQYrncscoyJFj7A01XOyyJa1t9oDZzxwR2xX1Q0Y+LI+tR2yGOFVLFiPsKmfGAWbjy5rSpMD3PoaNjg9hzRMQRyBnbQDqJMGHkHvimltCNo3Y30YJkbiS7UUkHNDXUk0Mm+Iho/mORUrblYgdvnUNw7FNg5z5+lNr+xwiKc8Qm2u1uAFmbY39KNSOEcF1+5FIghA5HFd0i3Dgf0pvwKDoivkMqy6YrodjMo88edE25itYRHKfPh2PlQV1rdnbnLTMqEdwvHFUvqvqaC8QQ2kjbB3zwDXkiHsPE3Af8ppLCMDJkXaR3z3oSS/tbMgXDiMEcc5JNZAmtXgwiTOAvb4s1bembCbVmW9vmaVU4VaIo6DkylVSZaZ52uTsTa0W3cGVsGkmt2h/9G6m8zMx8FiD9ORTuO3aGNvCRVB9BzS3U/G9zureQgJKhTkcDI70xR+ZBm4JgdnOFlAYKyk5w1WHTBZX80a2kxtJnYK8bDcrZNVs2rJfG2kO1lfYSfLnGa1vrX2ZWvTelade6RfT3F0yI8iMmQcjOQQOPvT7bEQgMc2MrqZ9KjxLhffs5eHDFfPq8SWbRiWRkjJIz5AUT0HoFjodtd2tncNM7/G24EZCnG4A9u4rTfZKNT1v2a56j1J3MylFVDsdEA24z3z35plfdPWcPT8CxvBHdQqwUuwUsmcgEnv5ViTqWW0aeJoapewjOZSYVBG0/TileqQ3RcR2rBlxyWxTb3dwDjgg4oCeCYNkM2TXoqG/uE54Eh0OK6sJG96MbRHtz2px73EWO04FAQQXDKVKkD1JqWHTmjbyOfKtgw8mA37hqOhlAJyM/WpGjEz79m0DsK+QWxU9j+KPWCQ7F8NQMeQpTWpWYsozDgwdbdcZYcV3igRSWUNU7wFHCl8/ajLOFiG+IKPnxWay57G+pwQlCoOeTPMur2SgnxtRgKntl+1Va6SG2n3Q3HjDtwpC/ml1wGE8iM3wqe9HaU6NJHHsaQj0FcsIVHnZpYgyzdG6GdTuPFlU+EhyR5VrNhb22n2w93RUjH6qomlapLY24jSMxySjC7u2aVa91xeWYlsk2mZjgOvIwfOswDWNpjHUKMUzSbvWLG3QySzxxpg/ETjP3pQmt2Wq6lbWFsTPcXUiwwqp5ZmIA/uKyXxXuU/jy70HYYwB+abezrVbfRetNC1C5kJtre9ikcH+UBhn/ADWgJnOxaqNmw9U+w23frzRlSbZFOge9JPwlh5L5+Vehrfp7TYbaKJLWPEUYjXKg/CBwOfKp9Z0q112zhkV8OoEkE6HtnkEH0pRZ68tpcNpuo3ED3UfG9HBz9R5Gstw7G2zlfU1prL/T8+5T4umrzROoJJtLvQNMZixsn42EnnGfzTLrDxLnTitrcQM29NsbY758uCc5+nalvX+rajfBrXRQVEZzLPvCgD0BPnS3R+p+l+ndZ0631ewuo7iXC/vK6JZBJjtnsPxXOFfe/bvmbQxRRYfIjCexFtcT2zSb5Ijg+RPFLZ4v4h4Oa03qDSItXsxNZMi3HDxzLj4vv6Vn95ObK4921G3eOTzfGV+ua9B0XWJVlVpzPB/M5V9bPtiD9iCQwF5AoXJNHxWUiOpZMiuaPf6feyg2lzDI5/lDc/jvT5VZcbQCfTFdrvBGictmIORa6z5/hxc9u4FFQWdy43NCi+vNHobncNsKfXwzRkc1yQfER+RjCpis72MPAH/ciqD5MVSacX+IoOfnRcWmIqgMF7eoNFGYoMvFJgeRrqbxSf8A46fekBrWPAh4g8meNNM6dilPiTHdk5I8+9WWw6Z0+2BmbgeXOcUFp0OoJCniOqoe2QMrzSvXNevbSRoLfDqV2kkYz9K5GszYDOqUVV0iR9Za3aIBYWKrvzjd5j/vVYh0+ONGd5d8vmW8h6120+NH1BZXSW5uCc7Sd2TQWtRyi7CPKJJ27qpyEH+n7VpRc+oiSwPMnUyRRK78xvwAfT1oKYhLpwrkKvPHrUMsjrtSVslBgD0rqp7yjaGBHBpoGSpuPSvtz1rRegk0SJEku0ISC5dsmOP/AE49fQ+VaJ0XrFjc6C19ZSRiY5e4Ezjfv7ncT/evMNmiXaFlI3Lzzx3/AKVpPsr6eutWNxNJdSQWds4YHAJJ9B6iud1yAppOZOn/AB7Hv7c3Zpuq6naagrZvYpAg3SBWBA+ijkntWYQafL1Hq0ouvEa35McbsSB8+/firfqVsul6gzjY1hcYiMiwiMJJz8W0cHO4DPlx5dpOnPDk1CeRCPgGMAghVA/uTXKR/jBZPfud65Aavt69S5exHWtR024/c11402n4JjLHPhAemfKtW6ttI5tEuJQiMzqAHP8AKvcn+lY5ZXV5p19He6UkcksYO7xASpz5GtM6C6qPVttPa6raxRXEBBZEzslHkQD5Z8ua39NYtoKP5M8zccbuWYn1R0zJcr77ZrLZXIPEiAjd9cUh0b2o9QdJ3aWeup4seeDJ3Zfk1er9b0mK/wBNmgSOMO4wDjsawvr7oa2ubaXTtTADLzFMByPn/wBqaGfpCATo/MWSLByJdOiPaNpfVi+FYTGO7C7jA/fA7ketWo6jcKcEj8V4x1TStS6HubK/tpHimjfIniJXHp+a9b+zfVV6v6RsdUmVEuHXEoTsWHmPr3rqU31sNbmYnqffrGzXc8gO7BH/ANaj/iE5Kg/ankdiigDvU62cfoKf8qjwIHxMfJnh7WtZNtp5VCd5z3NZw11MZ3nfJdu2fKrHrB8fPI3enpVdEDzSnn4VGTzisNSBRNtrljGNvdvGpmUhC4xwO4xzSucrHdl33YxhSe5+Z+tNoozHBHLP4YBwqL54Gck0nvJlnLMw+Mk9/KjURcF3lmJY/ETmiYI/EPxKQn+r5VLBp3jIpU8EEg0WpjtYnt3OTs25HrmiJ9CVse29tHYWTq454Ksp7A9q1j2VxyWuliKdJd87htrd2H28qp3sv6dg6z6ssNJu5HWyVdzMO5VcnFemdc6dg0yyMWgS2mn4XBneMvIPoxNcjriSvbOx/H2pWdzzMn6zSfUILi3jjeKJiInm24C5PYVXunr42V4sLvb25aNTIJGCqH/6Ywa0HXhBBpaSe9tJFHGElJ5yQeG/JNeXus79b3WGMbM6R5G7PJJrN0dRv1PQnS6/qFrpB9nier+l73SLqdob3XLSKLuSJV3MfQelX/p8dJxXcb6XqFul2v6szjc2fXmvAmnwhpY1IPP6vLFXDRYvDuI0hgMkx5GMkj58V0k6VaR+f9TzTWAme/Jbu2gH8aeGMf7nArMut7m21jXIhazxSW8S4lkVsrn0zWTaTos98kU2ryzbQOImkYgfWiuoOoItMsvdbUKgAI+EYxWfqbzePjSRSFOyse3rU7S42WlsRtibA2+fzqz/ALPHtC0jQdHbS9Zunhd5B4bFSVA+Z8uaw7qe/bUL2WVi5C5IIPal1izxAMc7iPOtlNPx1hfxB7/ton6Lafd299EJrSaOaJuQyMCKM8uK8U+yfr+56a1+3LXDtp7uEnj3Hbg+ePlXsy0u4rmCOSJwUdQwPqDTNPiWcPifnNqkkvvCxgbWz9gacdMdMyavbX8zarpWmrbrvL38ki+Lxnam1G3Hjt3qvXrNLcuQMnJAGeK0D2WXE0Wg9QksjCSFkKtKUOdjYI4wcfP+9OAwQDM1LNPLt8TxGyQCCcY+WajidWkUuvwBuR8qj8QpLlMgjipYSVVgDtBOe2aKSEJeMly5tzsjHYA9xR99NDJdIIUWRnA/P0pKw2g4PPanXTllm2uLyU5WP4UHlmgbBzJ2zS/Yfr1j091Hd3t9u+GAqgGO5PqcVpOt9cJqWQ15EqN/yo23EfI4rCej7GDULpp7mTChto5wa17SNK0+z0eSaPasKzo8jkZC4yTXF6ytWc8mdno2FaKWXzAeudTex0xLV2DSXFuzuScbe+0H8Zrzq4Vm3FxluTxzWne0vX/eZ2uTwsjFY1x/KqkDP5FZerAMcLx6Gt/Q0itNHuZOuvNpAPqMbCP+JEVU7d3MmcCtc6O1nRNPARn3ShR4kpYEL6Afg1lVldEQP4rK8e0kK3bPlxQMdzIgcq2NxGcDv/5mnXVfMO0zEPOz0frnUIt4/DiPc8lfIfKsy1rUpr2QsSzL2AIGa4uoSXtujZbxAojY+pAGa7WdiSC9wSiAZrJTUKhp8wm54WVjUoR4WxztZ/SgE+OFsHBHAzTHXCr3OFGBjH1oSNAgxyF+lbAeItRO1ihUAAjPrmvZ/sj1Eax0XYMJXDQxLEwDeYGP8V41jXZICvGfzWg+ybrS86cnvIlnZbWZd+zIwGBHIz96FyV+49QlJWZ0VWS7zEUKnjjy4rTfZtpbv031CIbtLTbAxkLRNJvXac8Agfms6s4EjuZGVQQD3zWq+y2+kg0PqGVZr2NQuHNr4m8rtJ/kjfHlydoHrTfcGYSYg8wWPc3OBkYzRBs2UsWBAHB488US5gN87xGT9RYEnJ/Nd5bhJogTypPK7uRREn1Lix4TI6xKrBifzVwvbZdO0GG3j4Mn8R6B6PsBqOuQqceEvxE47AU86t2nxsAgBeOaTY2uFjcyst/qK+mkLWJBAVXcncPI1aZNbnstCOnrufxZN8h75HYVRtL1MW1q8Kwb3yTkSAD8Y/zRJ6iKwOGt3MoBVdzfCCfOlWUsW3JtS6r4wrHkSPrKO5niguJwEjA8ONBxx3yaqyKMg881f+ndXgvlFhq0ETSEYQSKCD9D5GkfUeinT9U/gIRauNyZOQPlmmU2YfjYYYrqKVKfPWdH/oilQ0Nk7gAl/gU47etDQsykDAxkc061AoukopXLBgQRSEsd+RwO4p6nZhHMvPRmoWZVre7Zkk8QsD9e+aJ1jW18R7azHwHgt3yKosDMjFkJB/8AOKbW5IjDvjdjnypLVAN3SyxAwSdVLklgSOM5rrJlZMdtvGKkzlAewPpUSrlst/SrhhgowQm05ySBuxnPpU1qgGVkYIB2zUaOoUAfCDRdtCZfiIxx55+1VshQkwS1G8eGAq5OWb0qWTXL3S4ZrfS7yeBZQUlWOQhZARghl7Hv519tLR/dm2EktzgHtS68tm8do/Dy5cKMeZNMHmK9xNEQZNzZVexxU7LwAmdp9a0Xq3pH3/U+kYNHg8IapZxRAOu3Ei8MW+g5NC6lpMLdC6LbwSRF5NYnhM+zBwFUc+eO5x86PYUL9mWm8XNwyEDwyM9u9JupplZ33HIyQBnyrROm9LFppljZJOqyXzsiPtIxjjkVVJuiJtZudKWLUY1/eDXKx5jPDQglgefPHFZK9axmMfaQK1UfuUC2+GFzt7eh70MUckIRgsQTVi6YkFn1Dp0zRq8MM6s6uuQQDzkVqVxpNlZXnXMqW0LRyWUV7a/AD4aOQeOOPtWnfcQBMO1FWW4AQMAq8n0OaJglnkQSSzPJxtUMxP8Amrb1F05qOoz6HEZLYq2i+/F4otgjgUOxL4/U3HfzJFTdA6SjW/UkEDw6jK+iCeMRLuMcjOnw/JhnHFTNEnqVHV4ytnGqj4mwSflSfwWC525z6/OtH07TZ5F1uC2khVrSzbxxPBk8HkLnsc+dV+96TuLSwluLm4ghkFpHeCCRsFo3bGBnuwGCR6VEPqUJWrcMs4LDinKQswwPOnN30HPb215cR3qTR29tBeIyoR4sMn8w54285FS6Rp95N0pem0nhlgGpR2wUxYkdyPhw3kPlUYbzIRE5Qq23BK4xivkYbOX3ccAU1vdGSxuZobu/hjlhuHglRQSy7VyWA8wTwPnXzqDS/wByXENvNMHunhWWWILgw7hkK3zxg/LNBIDh2KrZfFuFX4jk0+FwsLbEGSByO+KRK7BW8EbW/wBXpUkCiOMEhiSeTzzQ9uw+8gcRxZTKkDFsAEYJ+1CX7hd0qRiQqP0t2z9vzQsd2iwMjbsAnOD2FfIL+D3hlIDL6N2NGB7gbvEMtetNTsbTR7aPwt2lTPPbTEEuGY5IOTyPlUuldVX0txYwwWtnFBZXT3iBVY/G/fOScitY6u6B6XtPaP0ToEWmFbLW7bdO6zP4iMQwDIc4GMDuDXOn/ZPYabrvXtmrm8GjxK1ozHDFiocZx3IGQfrRMcHEIcnJTNQ6luLO400xxWyPYEyR53fqbnB55FVyw661K1v9K8CC1Y6c9w8O4NyZlYNnn5nFaP7LtB6e60fUdK1uIpqk+/3G5WQqA4XOCOxxxWUdQad+5VewurKOPUYL2aCabLb/AIQpxjOP5j5UFa4OZbtraIHLf+6SRSAI4DltpJAP4o+HrbUxFqaAQyreWkdm7MDlI0PG3B71bPZlpfS/Uet6Domqaabq/vL2VZ5vGZfDhCKVAAPcsW5+VB+0fTOnbHVtY0DRrD3PUrPURbxyeMzLJCwGMgnuCaYBxKJ2V09b6lJNZy4t1Nnpx01VCnEsOCGVue5DHkY8qB0DqW70NbyPT4oEa8thasSDuC7g24EH9WQOTV/9ofQlj0l7VNB0lLcS6Xfx2rFGZvi34RznOc7gx7+fpT/W/Z702vtyPRVtYtbWMsKtDcJKzSpIU3AncSCue4xnFXKlKl6o1GafULkW1otzqEAhuGVSN3bLYz+o471XNZ1K5v47b94CN57a391jcjJ2DsCM4JAJGf8AIBrYeleirBdE66XWbMTajoQIibcygkeoB5FJPZfoeg9YdbaFo+q6R4AmiuPekjmkAfam+N1549Mc9qWu7Ic9TO4+sdWgt7aGOVQkFpJZIMfyPnOfUjPHpUWi67e2ejPplusawtdJd+L/ADrIg+HBz2+1Ha9aWNj1b1Zp0FhA0NpdyW9rvd/4QWXYD+rnjvnzqxdU9GSdIdQWFnqGkXE2kTwI4vY92ZGZc5z2ABPbHamHxJKv+/ZJ+pRqsttbS3PjC4kEgJV2B8xnsTzj/HFCavqdxrl80k0YWQu8skqElpHY8lsk+mABgVpfQfRtnrsmh6WmnKNQuGc3VzK7sdu84woIAwgyTV06n0/QOk9Q1iHpXTl8C1UxyMzGRnkxz3PYHj81ltvFa6vPqOqoLth4mAWzPHmNhu+fAotScEqnic4xzilrXU82pM91JHGZpOSVwqn/AKVotja6Zp9sq3LSXRcA+KjkKD6ACrts+PNHmVXSbdzwJn12pigJGMtwfvStsk+YIFGXrM77c8Jx9aELsjhh3HNaVGCKUcT0h+0HrV7oPUPRl7pZjivYtLUxzlNzxk5GV/NF+wPVSOoYrXU7mSW81aCQ3LS8l3f4gSfoF/NYXDrmr9TXduNa1C5vRbqFRriQtsUfyjPam2q9RX9rqi3lpdXEV3Aq+HMrYZQFAGD5Upz9gIa8AkwjWbm66J6iuHtWMd1purMYwOOByAfkR/erd+0Q2l6xbdMdUaThRrUMk8yjH/EVY1P34wfpWQa5r+p6s0p1K/uboSSeKxkfcWbGNx+eKguNQu7jSYLSaeV7S1ZjDCTlUL/qx6ZxTQMEACXL9nzJ9snT7Mcnxj/Y1z2pKB7YuqZHJRI7hyW255KgAf1/pVL0m81LQ7pNR02ee0uk5SaJirL8wR2pjp+tXupaxKdTvp5WvmHvEjtlpCO24+dQnjZJ6H6psE6q6W9l/UokLz288VpNIVxvO5f8o/5rrr6Mv7XFhIOUEaM58lVYskn7VRdP13ULLSTYRXtwlpb/AMWCBXwiuCOQOwPOc1TeruoNYvbu5u5NSu2mlQJLKZCWdfQn0x5Umu3vMJl7WKzeNC1K31Wz9repWbLJBMSUbuGAGP8AFUz2K3Fzc+2Xp3V76OO3ivluLaHaNqu8duM4+XP5rKdH6q1LSbSe0sL+5t7W5A8WKOQqsg/3DzoDU+q9Wu7nT2m1O7/9g261IkOYORkp6dhTADAj3quwuLj2i9bxxxsGOozjOO2bjj+9eg/Z91vqEZt+k+traC7tAvu4ldfjVQvBPqMedYYOpdR1VUuby5nu5XO7dLy7H1PzpxHcXtyGmu7qRjjbgv8AFg+WfIfKkWWlTG1oW8TVPZ5c2/THSXUXWLx5CFrTT8/8xicDH3wPoGqk3U13bR2xvUCNdRe9MzA5O4sNx+pGaUvquqSWdvpx1SeGxhYPHBG+Qh55UHgHk8j1qbUrK31WF5tX1rUNUmdAi5lJKgE4Xj05rFcayoBm+ksGJlM6+tdLgEdxFKkkkpzJEh5H+4VXLDU7uzhZIrl1hzlUzz9avcHSmmWzwu8VzM7HdtZwW+QHAA+pzVb9oBji1KCA6f7mYo8Epn4s9hk98etaaLFOV+ZmuVgTYOP1EkzxncQDk/zetAzYPnx9KNW3aQEA/CDgGhJAFZlPJBrcM8TKJ8tbiaI4hJX4twA9aY3Fy1zAzTMfEBxQNsoEyMCcBhmrCiR26HMYLsN53DPegbAZDKrx4lN4IknkhhiIIbG/A8gc0HqUaC73xgbW5+9Mun0VJZLgnkDaPqatjxsn+YyvohFGCVBUrgKKqwYxXI2D9LZWrHcm5uGzGAoJ7/Ko4dDGoXex7mG1ZRkNKcKe/nQpBEs9il3d6aZvd5dsgJUqv6iMbgPsKTarbeHEC/xBwVYfLtV10y6uV0O2gWW3SO1JMO1j+raTkHyzz96V3llBPptzFHcQbrRDIQe5G0NtH/6x9QaV29rcQ2Pco/xxMtmLxboieVOAa+6YiNcq0ibxnse1T6mRJOWUYxx9a66eu99oOMVo9So+N8eEi2rjsAMUdbztHgzSk55wDyaWwpHFjkMe/epnu7TcvjSDeOMAUgrsisRH+nIt85KyCNRg/GeDVhtLdLG0ea6uUEK9/DIyfkDWYXE7rOQJVdP5VB4FNLZpXRIdxMZO4rnik2UFvfE019SE9SwXnUyWl1JNBbEoACm5qofUet3et6nJcXbnA4SPyUU/vLQyDKL2GGFJbzTtkm+JN27vnyNMprRDoHMW9zvwx4lxk06OJcJgkZyfWqnfaa0c7cEAjIHzrlcqqXMZ1KBM7Z8hhkji8OKMrIe58zU4jmZWJV9+MYIrlcpxMyEwJraR2AkUjHnirHpdhizOVGGORxXK5Q2McjKwGOGGMgjQrGMbRyT51Wru2ury/fCkgcfFwB865XKinOYJMe6clzY27rNyR+nBzSvWtUnuZfBQjCgq5HY1yuVdYBOmMfjF9RYbBnhkduCo4xQ8UWw9jk8ZxXK5TVOxQOzhchcEuQBgc+dDODIwznPyrlcq5cZadFkEEDA71ZrBEADIwD4x8S5rlcpFsKoa0b2kCyqwnXw2PZgMqfrUs2jvFLkM0W4dwOG+9crlc9rGVuJ00qUjkT//2Q==')
INSERT INTO author (id, name, last_name) VALUES (1, 'Adam', 'Mickiewicz')
INSERT INTO book_author (book_id, author_id) VALUES (1, 1)

INSERT INTO book (id, title, isbn, description, category, pages, image) VALUES (2, 'Java for Dummies', '101', N'Java jest wszędzie, a rosnący popyt na aplikacje WWW i dla Androida sprawia, że programiści Javy są poszukiwani bardziej niż kiedykolwiek! Ten świetny podręcznik opisuje najważniejsze elementy tego języka, takie jak powłoka JShell. W książce znajdziesz też praktyczne pytania i ćwiczenia, które pomogą Ci rozwinąć umiejętności programowania w Javie. Dzięki prostym instrukcjom obsługiwania klas i metod języka Java, stosowania zmiennych oraz sterowania przepływem programu szybko staniesz się ekspertem programowania w Javie!', 'IT', 444, 'data:image/jpeg;base64,/9j/4AAQSkZJRgABAQAAAQABAAD/2wBDAAYEBQYFBAYGBQYHBwYIChAKCgkJChQODwwQFxQYGBcUFhYaHSUfGhsjHBYWICwgIyYnKSopGR8tMC0oMCUoKSj/2wBDAQcHBwoIChMKChMoGhYaKCgoKCgoKCgoKCgoKCgoKCgoKCgoKCgoKCgoKCgoKCgoKCgoKCgoKCgoKCgoKCgoKCj/wAARCADIAJ8DASIAAhEBAxEB/8QAHQAAAQQDAQEAAAAAAAAAAAAAAAEEBQYCAwcICf/EAE4QAAECBAMFAwYKBwUGBwAAAAECAwAEBREGEiEHEzFBUSJhcRQWMlWU0QgjM0KBkaGxs8EVNlJicnSyY4KDkvAXJCVzk8InQ0RTVGTh/8QAGwEAAgMBAQEAAAAAAAAAAAAAAQIAAwQFBwb/xAA5EQABAwIDBAcGBQQDAAAAAAABAAIDBBESITEFE0FRBjJhcZGh0RQVIoGx4UJSgpLwQ5PB4jNTwv/aAAwDAQACEQMRAD8A6hhfD9FcwxRnHKPTVrVJMqUpUq2SSUJuSbRJ+blD9SUv2Rv3QYSF8K0QD/4LH4aYgmdoNKfZeU2zOBaErU2hTer2TNfLa9+A4X9IaaG3hZjraqaTc4jYnQ9pXYGBoF1O+blD9SUv2Rv3QebtD9SUv2Rv3REvY3kmi0VSU+W3lZW3QgZCrME5Sb6HUdxuACTGDOKqipyYScOz6giZUy2pCTZSA5kzm4v0Vw4HuJhvYdo8SR3ut/lDFGpnzcofqSl+yN+6DzcofqSl+yN+6IOZr2Jpllz9FYeQh5pTYUJh+4USELUkaCxCVkE/tJI5a7E1TFKKhLsv0ZgSz002gOJXnKWiSVqVY2FhwJ4kAWN9GFFWWuZQDyxi/wBVMbOXkpjzcofqSl+yN+6DzcofqSl+yN+6IEKxe1T2kvTVKbeLZLi5khKs5VwBToAB3Emw4Em2cu8/5Q2qvYjpqmEEq3Us+Gbm67XN7kWKNL8U84LqSdoJ39+4kk9yZoLuqw+Cm/N2h+pKX7I37oPN2h+pKX7I37o0u4roDV89Ykf7rwP3Qxdx9hhs2NUSo/uNLV9wjI2LaD+qHnxWptFK7qxk/IqU83aH6kpfsjfug83KH6kpfsjfuiCe2k4bbF0zMw4eiGFfnaGDm1WiJ9CVqC/7iB/3RobQbVdo1/mrm7KqXaRHwVs83aH6kpfsjfug83aH6kpfsjfuiku7WZIfJUqaV/G4lP3Xhm9tbXwYoqR0K5m/2BMaG7H2u7gf3fdXN2HWO/pfT1XQvN2h+pKX7I37oPNyh+pKX7I37o5mvavVFfJUyTT/ABKWr8xDCZ2rVtN+zTWf7h/NUaGdH9rO42/UrPcFV+JoHeQut+blD9SUv2Rv3QeblD9SUv2Rv3Ryyc2hlEqVrxdKNvGWK0oaaaIDtkkJN9bG6h3WubHsw2c2k0wIBmsYuL7aEqSygJITlGdQIR1Jt4cDeNzOie1XaygfqK5zqZrRdzh5+i655uUP1JS/Y2/dFZ2mUGkS+B6m6xSae06ndZVtyqEqHxqBoQI5NP7RqUWFFOJK27MFKgAlxaUBVuyeHC9r+PLhFOreMm5+RdYNQnphS7aLUsjQg8z3RvpeildDMyR81wCDldWClpnRucZ2gjhz7l1Sk7TqrK0Wny7MjJBLMs22FLCibBAF+IjS9tWrKBZL1MlxwAS2Bb61R5wWSpRzEnXnGNh0j6odF6G5dgGfZ91UOkFIwANpQbcz9l32b2pVZZBersmLHMAENaHqNOMR81tSn1gh3Erlv7Kw/pEcStBGlvR+iboweASnpQG/8dMwfK66y9tFWu+fEFRX/iOxGzOOmFntzVRf7yon7zHOII0s2TTM0b9Ep6WVY6jGD9P3V3cxhJEkiVmFHqrKPzjSvGTQ+Tp6j4ugflFP5QReKGEcFU7pXtI6PA7gFalYzePoSTSfFZP5RqXjCeI7MvKjxCj+cVqCHFLEPwrO/pJtN+sx8vRTq8V1NXoqZR/C377xpOJKsf8A1ZHg2kflERBDiCMfhCzP2zXv60zvEqQcrdTc9KefH8Ksv3RoVPzq/SnJk+LqvfDaEhhG0aBZn1tQ/rSOPzKzW64v03Fq/iUTGGUHkIIIewVBe46lFoW0EJESpbQqPTEJCo+UEAqDVCvSPjCGFV6R8YQwQodUQQQRFER0TYbs/ldouKpym1GamZWVl5MzBcl8uYqzpSB2gRbtH6o51HpP4F0kVVHFc8Ro21LsJP8AEXFH+kQrjYXTMFyudbecA0jZ5X6ZTKNNT0yX5UzDyppaSR2ylNsqRb0T1jmUdi+FbPCd2uuS7YKlSckxL2AuSo5l2H/UEXHZp8HVp2mNVbaBNOy6VJ3v6PZWG8ibX+Nc5acQLW69AHWGaYsucl5rgvHtnDezTZDW0TLVCp9MqXkxCHlMTi3igm9rqCzxsfqjm0vhfBlM+EynCooUs5SHZHdiXfUp1KZgo32cZifmjLbhrExhTdrzfeBSgniQPGPRfws8H0mgSeGZ2gUqSpzClvS7wlWUthSiEqRew1Nkr4xdPgpYPl6fgN2vVCWaVNVR4rbU6gEoZRdKbX4XOc94IiY8roCPOy8gA3FxwPAxKULD1ZxA6W6HSZ6oKByq8mYU4EnvIFh9Md7pNCb257ZKvVZxSvNGjlMs0lBy79KScqEkcAo5lkjUAgcwRf8AaptZo+yluWw7h6ky78+hoKEs2Q0xKoPDNYak8co8SdRcF50CIYNSvNEzsmx9LsF5zClTKAL2QgLV/lSSfsiqzVKn5Wny89MyjzUpMKUhp1abBSkmxHjoePQ9I+glFxA7PbOJTEU+02w69TBPuNoJyou3nsCekfPNU3MvSrTD0w8thu5bbUslKCdTYcBxgtcSo9oatUEEEWKtEZI+UEYxk36YgFQaoV6R8YSFV6R8YSIFDqiEhYSIoiPW/wADWUDeCK5N27T1R3d+5DSCP6zHHsFbC8U4vw5T63TZqlMyM4FFPlDriVpCVlJuAg8cpI1j1Ng6i0zZNsyDE7NpMtT21zM3MlOXeLJuogfUkDjoBFb3AiwVsbSDcrjOGaTL4v8AhaYgmppIcl6StUxlULguNJbaR9Su14piU+GBiyakabScMyTqm258LmJvKbZ20kBKPAquSP3RFI+DfjBgbaKpN1ZaWHMQJeCCo2AeW6HAm/fZQHfYc47rti2RSe0qapk05UnabMyYU2VoaDm8bJBy2JFiCDY95uDCnI5phm3JVX4HlOVLbPqnOrRl8rqKsht6SEIQP6sw+iOJbRcTfo/4RNRr6SpSafV2yoJOpSzkQpP0hBEestlczQUUOZomFDnplCf/AEfvgoKDrgSla1XHHtLNz1vbSPD20oE7RcWZuJq03f8A6yoLcyUH5AL178JHDT+LdnsnLU8JXMCpypaVyG8Xub+HxoMM9vOIJfZ3shaolIVuZmbZTS5NKTZSGgiy1/QjS/VQiV2WbQMPTezPDj1ZrlLlptEohp1uamm0LC2+wSQo31Kb/TePMfwhMaJxntDmVyTwdpNOT5JKFCrpXY9twcjmVwPMJTAaLmyZxsLr0R8E+RaldkMu+1bPNzj7rniFZB9iBHmnaHTaribbfXqW2047U5yrOS7SCNQjNlQT0SEAG/QXi8/B02vU7BcnM0DExcapjrxmGJpCCvcrIAUlQGuU2BBANjfrp0HaBt2wZTJWZnMHtMVPEr7RaRNCULYbFtCtakgqA/ZF725QcwTkhkQF0PaghFB2KYgl5PstS1IXKt9yd3ux9hjwKBoI9E4q27UOtbKHsMCTrLtUfpyJVyaeS3kLoSkKUTnKiCQdbXjztDMBAzSSEHREEEEOq0QqPlBCQqPlBAKg1Qr0j4wkKr0j4wkEKHVEJCwkRRdcwlt7xThfDcjRKfI0VcrJt7ppbrLhWRx1ssAnXoIqeOtpGKccZW8QVJTkohWdEoykNspPXKPSI5FRJEU+FFybAEnugYQM02InJA0II0I5iLJNY8xbN0oU2ZxLV3ZG2UtKml2UOhN7kdxNorrja2iA6haCRcBSSDbrG/8AR875Gqb8imvJEi5f3SsgFwL5rW4kDxIgFzeJQF+C0pfebZ3KHnUsk33YWQm/W3XSJNmhOqpzU/MTUvLSriC4FOBZOUKKCdEm/aGXTXXpciPmJSZl2WHZiXeabfSVsqcQUhxINiUk8RfS4i0YYoeJqtSHKjQ1SzzFOQtlxtTzIU01cuFSkL4ozEkE8FDThFM8oY0PxAC+p/nNM1pJsQo3E2GnaC1JOPTDEwmaSSlTQNhYJPPX51tQOB0tYmDEWh6hYpqWE3sSTCX36IkgrmHJlJuQ4UglGbMTmWrW3ziecT+GsHUp3ZTVMYVNidfdlJgMtS7cwGkOjMhJUTlJsM/I8UmM5ro4IxvHYjiDcuZ0HYm3ZcchZc35wsdDoU3KMbH6tMzNCpM3OMTyJOXm3ZcF1G9SpRJUDclNuzfh38I1VXBuHKHS6bUKjimZmmag0XZdEhTSSsJVlVq4tNrG/HjaCNoMDyx7SDewyvewvw0y5qbo2uFQbwXiZxSxQWVyCsMzk5MtOyqVzAm0hK2n7kFOgtawSdCePGL/AFKVfbp1IVhig0+u4WclWnH2mZVLsyl3L8clxwDeoXmCiCCALjloXkrAwNOHrX1y07+PIcUGx3vmuTwRYcdTdGmMQTicMSzbNIDgXLndqSuxQkFJuSbBQV98V6NETzIwPItfgUjhY2RCo+UEJCo+UEOdEBqhXpHxhIVXpHxhIIUOqIeUqclpJ9bs3TmKgnIQhp9a0oCrjtHIQTpfS4GvdaGcASVEJSCSdABxMBwDhYqA2K7Fi/E0phSepspL4Kws9ITtNlp0h+RBWveIBVZeYm2YKsSL92gJjRJyqKhhjFeAXX6UJ+eFNmJckKMlMKABCSb3QpKlEX//AARO1h/fnBpKiVjDsojVBT+3a1+OnPqD4RNNLGB8D4VarMutqemq6isuyyhZ1MsyAlN0nhm7RF+MfNNiEcEbmZvdcEXviFje4Pde/wAuK13JcQdAqptSqj9X2g19+ZeW8G5x5hrOfRbQtQSkdwETOJcQVaf2Y4SmVT82tMjNPyTiVKBaUpvI4zmTeyiEmwuCLD66/tGp71NxxWmnhdL025MMrTql1txWdCkkcQUqB0iz07D045stWxPyy0g1eWmwy0M82lhxCmytDXE5rCwJF8t+FjG5+5ZBA7KwIt8xb/KQYi5wVk2pNt41mXJZhoDE1Gp0vMJCE6z0splDjiQBpnQpalADikmw0hnssbSxgWdpyZPeT2LfLZRlxYsN3LyxUCn/ABFkX14HmIpWI8VIVjxvEOGBMyZl9zuN+QVgtoSjUA2soJ1F+Ziz0jHS6/tYwfNy1KYpspKzCZZuTYUVITvlner4DiXCdBwAjA6jmjpGwhvwAYtdCBe37rHx7E4e0vxcdEbO62ih7OXlVCWQ5RalW0yM9nsd4yqWVmA5goOVdx3W5xPzNNlaWKjgyUnJeoeSYWnXHHWHMwU/5Rvgk20BAQk27457jCemqbR2cILpCqcxJzSppa3SsuTLti2XddAghOgGmnExjsudZkMROVCcnpWSkWJZ5p9Tqu0UutrbGRA1WQVAkDkItloi9j6oG1yTYZ3P4T3/AG5KCSxDE6Yyp2FzaiDmcxG2kHlpLKP5xZGJ1qX2d4GmVYUl8QvtrmkBThdWG0ofvkKEGxvf51x3HWKbJYgxFJU+Zw3R6mh+nhLhUJVpNnEgFSlBakhfC9joeQ4xsYq2NH6dKMStQqKJFpKEsIYe3baAlKQnLlIsbKTrxJJvc3i+Wke85kdYu1IyLSOFilDwPCyXEeGa1OeVYiVRXKZKT9T8nYk3G1IUHHLqCUJKR2dCL6a6RCVKQquE8RGXmEOSVXknErTkN1JVopJSRx5WIiQolSxE3Vmdwp9+YXMtzgROklC3m7qStRWQLgBWpPC8WJeOsUsBTNZo0hVJ6TcUGZ2fkN8/LKSSeysaEJNyL3H0RfiqWEMs1zbaXsezW9+N+aWzDnmCora+2G9odUO4RLvOpYemGkcEPLZQpwf5yr6Yp0Pa0qoO1R+YrG+M/MK37qnhZSivW5HK9+EMo200ZihYwm9gAqnm7iUQqPlBCQqPlBFx0SjVCvSPjCQqvSPjCXghE6ohxTp6aps8xOU99yXm2VZ23WzZST3Q2uOsIVpHEiAQCLFBdDZ2vYnRLspdTSpiaYGRmcekUF5pGlkptZNhbpzim16tVHEFTcqNZm3JuccACnF2GgFgABoB3CGDQLqgltKlq6JF4kGaHV3wNxSai7fhklVq+4RkjpqWmcXsa1p+QTlz3ixzUrSMdYmo9L/R1Nq7zEoCSlOVClN3AHYUQVJ4DgRblGmSxjiGRkJ2Uk6rMMonV55l1Nt88bWsp22ci3K9tT1MZS+CMVzHyOGa0rvMk4B9oiWltlGOZkXbw5NJ/wCattv+pQiiSbZzL43MF8zctTASnS6o4EO6ZUZykzqJymTT0pNoCkoeZVlWkKSUmxHDQkfTF8Z2K48cIvSGmx1XNtfkoxLS2wDGDqQXZijMdy5hZI/yoMVy7c2Y0WfOy3eCiIJdQ0rlE3MzE4+p+cmHph5QALjyytRAFhcnXhpGm0dtY+DtX1fL1ulN/wACXF/eBG9fwfXWVhMxiZoq4kNSRNvpKxFLOkeyycDJQe4H0VjaOZ56q4rT5+apzxekX1sOkBJUjiQFBVvC6R4w4lq3U5aWbl5eddbYbFkti2UaqVw8Vq+vuEdtZ2DU0Ab6uzqzzyMIT95MbHdjGF5NxhuYn62+69cIQ2toZiLX+ZpxHOGdtuhcbXue5XDZ1Ry81xWYxJVJh1h159K32VuOBxSAoqK0hKswIsdB05k8TAvE9YWl1Kp5XxrqX1kIQCVptlN7crDThHoiV2M4PZI3ktOzH/NmlD+m0P29lGCm9RREq/imHT/3Rldt+hGjCfkPVWDZk51IXlioz0xUZtUzOLSt5QAJShKBYCw0SAIbFQHMR7BlcBYTlRZrDtMPe4wHD9arw/Zw5Q2LbiiUps9USbYP3Qh6TwjJsZ8k42S86uC8XZ03sCLw5YlZhQ3iZd4tjisNmw+mParUrLsfIS7Df8DYT9wiB2jqUcE1PtG1m+f9qiBH0l3jwwR6m2v2Te6cIJLvJMcNbHMEzFBps3NUt599+WaecK5p0AqUgE6BQHExOMbJMCsKBRh2WUR+264v7CoxZsJ/qrRP5Fj8NMQjdKxElmXZYnJaX3TjzrmRwqLilrzpJun0dVAjpz6ebu2jXTyyB1S5tidXHt5fLxWuKmicM7DvT1nA2E2AA1hmii3MyTZP1kRIy9Bo8tpLUmnM2/8AblUJ+4RBS9IxEofGVexzJJCHc1u2nPrlHzUqtyuo9BGyZpFeUiQU1PBTzMqlp1W+UneKK0lfzTxSCAq1xFD2yPdhfU3+ZV/s8YNgQrS02hkWZbS2P3UgfdGWZR4kxG0KXnZeVLdTmPKJns3WFXBskAkCwtcgm2vjyEjcBWUkBR1A5mOTM1zXlt8XakIANglggse+Cx74osVEcoSFsYIii0zb25aKh6R0SO+IXIpxfAqWo+JJjbVFzLswDLqYS0gKzl0E8tLWI56k9BbvGoKW2GyFrzgXLiB2SCeEfabK2aIog5+p19FewYRlqtkxKuy4u8ENjj21gfZx+yIgpYmasw/dJLCFJQsEkdu17aa+iPqh+tlK151JC1H5xFz9cN2WipazYC7mmnEDT77x2BCz8AKIPMqR3DmUqRZaBrdBv9nGNdo0lp1twqaWWVgWzJHa7uOn2Q6DynJZoPJSZoKs47fKkp11sBx4aeOsK6ka7qGx7UMRHatRHdGCgY3tXWjMptSBcgEjQ274Xd5gCmxB1BHOKDTOabOCbGE0N4rW0YHzJqfg3+KiLcWT0itbSm7YGqh7mvxURfTxWmYe0JHv+Eq24U/VSifyLH4aYgK3SgZ17dUOoTSM4O8Znt3vCG0jMbm5HZCdSdRe2pMT+E/1Von8ix+GmG8xVau1NrQigOvMZkBC0TCAbEDMSCfmm477aR8dTySx1EpjtqdXYePeFjIBaLqtM0S8tN2w5UmHnCtIH6S0PZWoEFKri6rJPPtniBGM7Ll6bfS9h6uKfdBUd1PrSgk7xQAIOUa3425XHAG1CqVITiWjQpjclaUl4TDdkgkgqte9gACeeul4Zt1uvBtG9wu9nt8Zlm27cNcuuuvW2n1R0m1dQSSWt/uf7KvC3+BRztPLDjm4w9UHlPpQt4CetlISpATcmx7KiTbS9762uwapCZoh5GHKsFdsJW5UlIIyFIA1NwFZdNLG3Qgxa1VWpp3v/AZhWQApyzDfbuUcOlgpX+Q9RGkVetWWo4cdslSEhAmkZjcKKlA8LAhI66nwhW1dSASAP7n+yOFv8CyewxIzaSt0zjbiwCMswpJb0sAMptp+XcISXwlTWUNAqnHFttpRnXMKuSLkKIBtm7R1A6DgBGTNUq6w+V0JxBSfiwZhHbFhxPI3v10gmatVWnZhLWH5h9tAu0pMw2nedkm1idNRb6RGIur9BIP3N9U/wck6p1DkqdOKmZbf71TSWlZ3lKBCUpSDYm17ITc8TEhMGzK+8W0hvTX5qYEz5ZJ+S5H1IaBcCt42LWXpwvrp3Q5cQVgCEoaeSsrmRzG5453yGae4a24TDcoU2ULQFoIykK1BHQ9YVxkrSU51JBI1Roe8fTD9LHdC+TnpHojaTkq9+oryLKUholASANSVZvG/PvhvKNWbCFoUlWqs1rpIuecWFMuekaZOXS5KpCVBSQVAKSeYJEXClKHtIvmo51Sg1d1IOQXzjjbv6xihCXQlXydxrnHD6rxqxLg8Vlhjczr0vMsKzoKrraUdL5mwQDwGvI3txMb6DSJ6QkBL1Od8tmAokLLQRZPIDU3trrx1hvZTe5Ct3jMGIOz5fzJakhbZUEHsK0Uk6hQ7xG5lKEupCEZUKvYXPYPTU8Dy6Q/Mr3RiqUC0KQtIKVCxBHEQXQFzbEJBILrWWha4iqbUG7YEqx7mvxURb5RDSXES+VhDzaDZKSArLcahNuHCK9tWats/q5tya/GRFcVLhkae1K+XKyksJ/qpRP5Fj8NMa3qhVWnXctEcdaBSEZX0BSgQm51NuKlafucdRGzCf6qUT+RY/DTGuYoFJnKg/MOM55tdt4UvKB4JGoB00SnxjzFjoRUSb4XFzwJ49hCfPCLLFupVdSAV0JxtWVCikzCDxNlJ8QNeka5Kr1WZS6pdCdYSlBKM0w2vMsJJy9k/tDL9evKMpfDNGS0GGWVFLKyrL5QtRSo5b37V/mJ8LaQ7otDkKG28imsKZQ6oKWCtS7kC3zibRdLJRhhwx/FwyI/9FAYr5lNmqpVFKAcoDyB2zcTLZ4BdvrKUjuzjoY0MVmsqmN09h55PElQfTlSntZdeZ0AIF7Xv0EWFBC05kEKT1GohVdkpzaZjYX0uYzCojzG4Hi71TWP5lBO1WroabKcPPOOleVSUzLYCRlSb3PepQ4fM7xEnTXph+US5OS3krxUr4orCikXNrkaXIsYdkEC5FgOZhD4RTLMxzbCMN7c/8kpmg31RDqXazNBXWGsTMk1eUbPUR9L0LhEta4ng0/ULPVuswLQlnujaljuh4lq0bEotHqYgAXOxFMxL90a5RDZLraCnM2s5kjim5vrEkEw1nH25FaHFtLKXVZVqQActge0eZHLS5+gGHEQQJRuOoBEa5iSbfbKHEA3FgenQjviQCdLwZe6DugiHFRMwytC20ob3ua9+RFud+H0GNa0ISvIbhR4ApMTOWNTjSittSCkZT2gRxFuHdrY/RCGEJg8qBlnM7zzwKUy4WGrrSUknqD4m3DXrFc2tBP8As/riAFBSEsEkpIGr6OB4Hhyi+GWCZgvJKrlOUpvp4xUNsQ/8Nq1yHxNr8/jm4UQAFFz7rRhT9VKJ/IsfhphvOYRok5MuPzElmdctnUHVjNZOUXsdbJ0+vrDnCf6q0X+RY/DTErHhUlRLBO8xOIuTp3rqtaC0XUAMIUQby0mr4xJQv49zUFQUfndUgxgcGUMqSfJFixJI3yyFXtcG54aD6osMEQbSq/8AsPiUd23koBrB9Dacbcbk1BbagtJ3zhsQQRz7h9UDOD6Gy4txuTWFrKipRfcJOZJSr53RSvC+kT8ET3jVn+o7xKm7byVeVgugKSpJkNFAAjer1tfv7yPDThE3JyrUnKty8ukpZbFkpJJsPExvgiqWrnmGGR5I7SiGgaIixUxOeRaPcR9sV2J6ir/3IJ/ZUR+f5x9Z0GkDa9zebT9QstYPgBT8ItGQSIxziFziPWLLmrLhyhvPSwmWMl8q0kLQr9lQ4H/XKN2cQZxEQOaa0tREsltbamykDsn5o6Ajpw+iHkMZ2Z8lIdAJRxWP3RxP0A3+iHgWLQVAsrQlrxjmhcwgWRSFEUrbMm2zWs/4P4yIuueKXtnVfZrWLf2P4yIiiY4S1wrRP5Fj8NMVOQx/NCXeXUqM/nS66lCZdCtUIQFX1uCbnLa9+eUaxbMJa4Vog/8AosfhpiHTOrDAeFYnewS4W1S4zWURobmxHauBe9rAcI8SpWwulmEseLPtFszyBXVcSALFOpPEzj1VkpF+lTLC5t11pCyoKA3QBWT0Guh52iv0jaFNLpynqpRJlLxC1oTLoNlhLaFEC99e2Rx+bqAbpElNTknMZSquPh5KQ0l9EqoKBJBPaSOBta3Ac+EPKTMTFRduxWZh5G7vcS4Tbhqq4sDcEC1+B1jSIqRjC58OXe4c9Dbjl4IXcTkVqpuKXJqvzNPfklSgbZ+LDlypx0ZypOmlsqLjqCDzAiEYxtX25ZS6jQUsrck0TDKk3IClIdX2wCbCzVrA31F7ZrC2mmTyxu3aq8popF1JSELBCwdCOAIBB8YVMhVQs/8AGFFFtCWE3v4f61ils1A0n4G2y4u4csuPaiQ/mtuHp5+o0tEzMtJbcLjiLoBCVpSspC0hWoCgAodx4njElEWmnz17qrD6hmvbcoGluHDrrCKkKi42hK6qtCgTcoaTZXauCeY042jmTRQyPL2vABOmeXkrQSBaylYk6K5beo8FD/X1RWDITwLZbqricqcpCmUqz6mxP0G2nGwiWpri5UNb1zeKSgJW4QE5jbU9BrrHS2DMyi2jDKHggmx145cQq5wXxkWVlzd8F++IKoYik5CXU8+4nKnjZQirvbVqU2FbqnVSZtxLDaVj7491bTyO6oXDMrRqV0XN3wX745I7tyoTailVNqSVDSywkfnCr2xpck1TUjhqdflk8XlPBCB4qKbfbD+xzflU3reas+1aopksNpQmqrps287Zl1sJKtEkqFjpbLcE8riGexarzU7hBuRqTqnZyQO7DqkkF5kk7tevLRSf7kecNrOMpnGmK5afbl93IS0qllLCngoJczEqKVWHHsg6a5RyAiW2N7QZqh4jqK5tLkw1MSrbDUo46ElakEZQlRuBZJXZPA362B0mjIgsR8V0mI48V8l64J74Ae+OWzW1xuQbC6lhqryo6qTYfWQI0N7baOvX9FVO3UBJ/OMwpJjo1NvW811nN3xTNsZvs2rPgz+M3EbTtq1Gn3EttsTzajyU0T/TeDanU253ZpV1NBzKQye2hSf/ADm+oEVPgezrBFsrScimuFsQUVvDFHQ5WKahaJJlKkqmmwQQ2Lgi8SnnJRPXdM9rb98EEeKT7JhMrjc6nl6LtiQ2CPOSieu6Z7Y374DiOiHjW6X7Y374IIq90Q/mPiPRHeFJ5xUP11S/a2/fB5xUP11S/a2/fBBA90Q8z5eim9KPOKh+uqX7W374POKh+u6X7W374IInueHmfL0U3pR5xUP11S/a2/fCKxDQVpKV1mlKSRYgzbdiOnGCCCNkQtNw4+XooZCqRJIo1KqJck63QMqVGyFBpIIPXdrSDp1BjVVTR5ifanGJfB63UKzZm6n5MVHvywQR7nRVD3U8b3ZkgfRfOPYA82UXW3KlU55yYYrNElEqbCEsuVhqabb4XKUkIsTbnfibWiBquHqtVmEM1PFtBmmUG6Gy/LpCLcAkhVwPAwQRpFS9ugCgYFQ63h56nVJMl+lac644jeBTUw2tFteJCiOXC8YUbD0xPzrrLU3T0KY1Up2YaQFctApQB8III1e1PLMfFDPRXSXoNZcSG14opsq0E5Qludl0pt4IcFot9PlzLsS4nsTyE06yoqBbq+4un9klKySPG56WggjMap7tbKFt1Nyld8hSUyNTwywON5morm1fWXExCbRK69O4Rn23sQ0F64b+KlENpUr4xPC61nv0PKCCFLrjMINbnqv/2Q==')
INSERT INTO author (id, name, last_name) VALUES (2, 'Wiley', 'Brand')
INSERT INTO book_author (book_id, author_id) VALUES (2, 2)

INSERT INTO book (id, title, isbn, description, category, pages, image) VALUES (3, 'Living Vegan for Dummies', '102', 'Dont eat meat!', 'Health', 345, 'data:image/jpeg;base64,/9j/4AAQSkZJRgABAQAAAQABAAD/2wBDAAYEBQYFBAYGBQYHBwYIChAKCgkJChQODwwQFxQYGBcUFhYaHSUfGhsjHBYWICwgIyYnKSopGR8tMC0oMCUoKSj/2wBDAQcHBwoIChMKChMoGhYaKCgoKCgoKCgoKCgoKCgoKCgoKCgoKCgoKCgoKCgoKCgoKCgoKCgoKCgoKCgoKCgoKCj/wAARCADIAJ8DASIAAhEBAxEB/8QAHAAAAQQDAQAAAAAAAAAAAAAABQAEBgcBAgMI/8QARBAAAQMDAwEFBQQIAwYHAAAAAQIDBAAFEQYSITEHE0FRYRQiMnGBkaGxwQgVFjNCYnLRIzRSJCVDY+HwF4OissLD8f/EABwBAAEFAQEBAAAAAAAAAAAAAAEAAgMEBQYHCP/EADwRAAEDAgQCBgYHCQEAAAAAAAEAAgMEEQUSITETQSIyUXGBkQYUYaGxwQcjM0KCktEVFkNS0uHi8PFT/9oADAMBAAIRAxEAPwC96VMLzdI1nhe1zVFLG9KCoDOMnGT6DqfQGgf7d2khAT3/AHik7igowUnBISfDOQRjzr57jpJpW5mNJC3C4DQqV+NKoq5rOG5HcVCjSX3Q2HUtqTtChvSnPice8DnBrt+0zvebf1NPSgJKlPOI2NJA3ZJUfD3T18wfGpPUZwLltkM4UkpVExe788oLYsRbjkpKe8XheDsOSCBjhSwR6fSku56ilpeZYtfsbyFNe/v3BQJBXtUpODxkdDj60/1B/MjzCWdSvIxnNZ8aijr2rFpyEW5lQOfeJ/1kf6ufcwfDkeFO4UhMZQevV2i9+AOEvpbQDjn3c+Z+4U4Yc9w6HS7rn4BMMzW9Y2UgpUIc1JZUfFc4h/pcCvwpsvWNiRn/AG9Kv6UKP5VLHgOJy9SmefwO/RQuxCkZ1pWjxCkFKos7ruxo+F51f9LRpq52h2lOdjUpfyQB+dXo/RDG5OrSv8Rb4qu7GqBu8zfNTOsZqCOdpMEfBBkn+pSR+dNne0of8K1EjzW//wBKvR+gOPybUxHe5o+LlXd6SYa3+L7j+isWlVXudo81X7mDGQP5lKV+Ypk92jXUZ/yLX/ln81Vfj+jPHH9ZrW97h8rqs70rw8dUk9wPzsrd/CsZqkJPaZOQT3t2hNehLY/Ghj/ag4euomeOoQpJ/CrTPovxH+JPG38R/pTP3pgPUiefD+69B/Q/ZSrzW/2nIVndfpCj5IKvyFMHe0mOtWFXO4OfIr/M1aZ9F7/4lYwdwJ+YTT6SvPUpnnv0Vmyu0Oc6MJgwdvXDqVKx94oe52hz2zlCrbHPX3UAfia8xOPvKWQp1w/NRNcjz1ruY8KwWIWZRM8dfjdZ5hr39aqPgLfNejn+0h5DynlXe3tulISpQDQUQOgzjOKYv9qKh11Fn0bOfwFefsVnJq02Khj+zpIx+AJpoJXdeoefFXdI7TmVZBvctWfBO/8AsKHP9pMRWd0u4OZ9VEH7TVRVirDKsR/Zxsb3NATThETus9x7yrOd1/AUSe4kuKPicf3psvtCjp/d250/NYH96rulUpxSp2DreAQGC0g3bfxKnbnaE7j/AA7agD+Z0n8qaua/uR/dRYiB6pUfzFQ6lUZxCpdu8qZuFUjdox7/ANVKHNdXlY90xm/6Wv75ps5q+9rP+dKf6W0j8qAUqjNXOd3nzUooaZu0Y8gi7mpbws5VPe+hxTdd5uS87p8k5/5hphSqMzSO3cfNSiCJuzR5Bdly5K/jkvq/qcJ/OuKjuPvc/OlSphJO6lAA2WAAOnHyrP30qVBFKsp65rFbN/HSQWF8LNYIwCfKsr+M1e36NGlbHeLZq676ltkW4R4DTSmhITuSghLilfcE0CbJzRfRUR4Vu6y61t71pxvcNydySMjz+VdbQw/NuEOPGQlcmQ8202hQG0rUrCR8iTXo3tR0prHtJ1XbLFJhWC0zbdb/AGrukSlL3NrXsJBCOmUcJ8OvjSJsiG3C81dDRm36Wvtx0/OvkG1yX7TBVtkSUJyls4BPqcAgkjoOTipN2cdl901vebxBYlsQhas+0POgqSDuIwMfJR+lTdFt1Fp39Ha7TLfqVlWnpclbSYyYoC3Uqf7lW1wnISoAqx5Z8zQLkQztVE9aWOKvo9htktljsl71Lq39XW2Y22p0qZAUFrSNraOTk8nkjgChnaZ2LGw6v05aNLy3pyL4Shr2jG5spwVKJAA27TnOPClmCWQqmKXjnFemrV2c9l9j1nbNEXlu5X7U0tG51aXlttMHYV9EKSRwCf4jyM9RVOdtFgtOme0m7WbT7bjVvi92kIW4VkKU2lSuTz1VRDroFlhdd7x2Zz7b2Y2/WxnRH7fLLY7lAVvb3ZHJPHBGOKfdlXZf+29kvN4uF1FqtdtAKne57wrwkqV4joAPtqwtEr/aL9E3UdsKd7ttccU2kckBLiXhj6lQojqeCvR3ZDpPs9huJbvepXkCYsdUJWoFz7CpKB5gGm5uSflG68ylpS3FiOhbjaScEJyceGQOlcwklW0Ak5xx517pi6fk6LlWi26ZY07btLx2wbhJmqJkvnxx0GT13E9fDFRLR9m0hce0XWut7WxGmQbUlLcdLCQWi8lvc64kdCeAAenxH1pZ0uGvL7ejdUORhIb01fVxyMh1NveKCPPO3FNdPWC7aluKIFht8ifKUM92ynOB5qPRI9SQK9Vdi/aBqPVGmNd6l1FIBhRUFcRhttKW2Nra1rSkgblfwDknpUbt63+zv9GGNddPpLV4vHdl6Y0nK094SOD6JGB5E0sxSyDdVDqrsm1lpWxuXe92pEeC1jvFiUysoyQAMJUSeT4ZoxbuwrWs162ARobTE9kyEvqfyhtHu43EDgneMAZJ58jVm9qDd2j/AKMtggXRchy7T3WA4X1ErKlKKwFE856U4/SbuMxm56E0na5Lsdt9xJWGlFJJ3obb6eAyr7qGYlLIAqF7StA3fs+vDEC89ytL7fesPsqJSsA4PXkEHHBqJt/HXoH9MiaF6u09BSRujwlvY/rcx/8AXXn5vhWeop7TcXKjcADYLCv3hr0j2PsOQP0Y9cS2W1qfmmS22EDKjlpDYxj1Jrzcr94cnAq09Bdtl80TpZmx2m329bDa1ud6+FKUoqUTyARQcCQiwgHVCuynTNxd7SdJ+226YzGNwaX3jrKkIOw95jJH8hq87hqURP0u2I6llLTkFu2qOeMqQXU/+pQH1qorz28awu0+2ynv1a05b3VPsd1GOAooUjJyo54Uag921Xebpq06llSgLz3yJCX20hO1aMbSE4xxtHhQIJ3Tg4AaL0f2sKa7K+z3UUW3rS3eNVXJ9W9J95LKjg48sI49Cs0G7Qmjb/0YdFWsDC5j0clPic71/iRVDaq1VfNWSmZOork/PeZSUNl3A2g8nASAP/ymsy+XadGjx5t1nyI8fHctPSFrQ1gYG0E4GB5UgxIvXoj9KLcJmgLAgnbj4c4GctoH51Ku0fWFr0x22aGXcX2xb2IT7LjoIUGS57qVHy+HBPgCa8izJ0ua6l2ZKfkOJ6LdcKiPqaK6PuVst+qYM/U0Fd2tbRUX4u7l0FKgBz5Eg9fClk7Ug9estN6W0u726StUQtQMXS4y2VyGIbBC/Zx3aW1uKUD0wcAfz+nHlvtZn/rTtO1RLBBCrg8hJBzlKFFCT9iRVmp7ZtL6XtU6P2baNNqmyklK5clwFSSfqonGeBkDNVE9p29OOodfi7XH1ApLzzbZcUrnjcoZJ64puYMPSNkXaiwVq/o4doGndJQ9RQNXSvZ4UvunGx3K3QtQyFDCAT0xUX7Uu0VzUXal+0VpUfZIDraYAWCMobOQog8jccnHXBqFX6yzLDN9muAb70pJ9xW4fEQR9CD6HwyOaGA85FOYWvGdpuCmlxGi9Eak7VOzHWIjXHVel7u/dmmwgtNPFLavHBKXEhQz5jPNDOx7WWoYOotUTND6PXcNOynkuPWxlQ/2Xdu2BJ+QUCMHoOnjRI6cdKP6X1fqHSvffs7d5NvD5BdS0RtXjOCQQRnnrijlCQeb6r1Pqy9S7D2GX9+/WiFp124JXHh2uPtygOAJ97bwVHKlHyFUlojtwv2lNJJsH6vgXBhjPszkpJy0Cc4IHCgD06VXd/1FedRyRIv10lz3R8JfcKgn5DoPpQukG9qReeSsLUHa7qe/2m2wLoYTyYExM1DxaVvW6lRUN3vY284wAOMUI1R2g6h1LqmBqG5ymf1rADYjONMpSlvYsrSdvIJCiTzmopSp1gm5ii+qNS3jVV0TcdQzlzpqWwyHVoSnCASQMJAHUnwoU38WK1rZv95SQ3WFfGaxWVfGaxSSSpUqkGjkWWRdIkS8xpshUmS0wkMPJbQEKWAongknngcfOmSv4bC+17diLRc2Uf8AP0pHjGePnVpXl/QNr1HOsdx0rNZajvqjmdHuK1LGDjdsUMf9+NP9JabRprtPhQkNW272S5RlzI0qRHDoUwlta8gHhKwU4P8A1rNdirWxl7mEdEuF7agC5sQSL25HVSiA3sCqe8KXhnw86fzbo5LvT9yLTCXHHi8G0tgN9cgbemOnHlVq6vvbk3VGhi9Ftz1omR4shMJMYJaC1ZQvOAM4JJAyQPLzsVFU+FzRlvcE79gvbbW/hsmtYHX1VOLQtGNyVJJG4ZHh51L1O6jVbY95fs5kW9DaO5kOMLW22Wk92Fg5wD7ozngkZxUh7aYEe53WbqGzbvZ2JKrdNj9fZXGyUJIA4DagkEeGcii9tZQx2BXC2Nd+m4So/wCtllC8DukyAgJI442pz9aoy4hngimyaucGkH7t9/L3i3apWxWcRfZV1qY3+4xmbreYTrcRwjun+42IJUnICVHqCATjOOSfGjU/Rdvt/Zrb9VSpk5bk9ZYZYbYRtC8KOVEkHblChxzwKmFjljUfZpYdJ3VTrz1wElUGQ8pRLchleGkpJ/hKSpHHHOKc66YUNB6h02l5bp02zbDsyCEq27V48viJNVXYhJxGQAZCH625szZAfZdxHkncIWLt9Pfuoa7abA72cWWYzalNXq4yVQkSFzFhpKkYy6pJyBncOOg5PlTe5dnYsqwNQ6nsMIqQHUoQp2Q4pBGQoBKOhHrXPUxCeyvRbfI3vTlkeHxoH5VLNTz9JtO6Rm6rtdymSJFnirdU2+Et7QjAwOCo5HPKelTcaeO2QuIc6TaxPRcbWzGwFhshlB35WVd6jssC0ambgRrq3Ot6u6V7Y2MDYvGTjJ5HNTfUFl09Z9XM2W5WBxiy94kJvDMlwrdaURh1ROUEc84HH2VXqrFcHfY3YkR91i4OuNwlbfef24zgefvD7aM6S1HebHqCJBdekvQxIEaRbZC1KaWkq2qbLZ4z18OtW545HMBZJmLQb62JPbppcWO4tfuTGkA2I3QnVbVti3qXEtAKozD7iEPd6XA6nedp8umKD0c11bY9o1jerfCSUR40txDac5wnPQH0/KgdX6dwdE1wN7gb7qF+jiEq2b/eVrWzf7ypUFhXxmsVlXxmsUkkqc2tws3OG4CApt5tYyeCQoGm1ErBdjZphkJhwpgKdpalshxB5B+nTw9abJfKbC6Ld0c7Vyf/ABJ1AoYJXLUrCSTyQOKtC0dzarx2e2OQSLgLLL3JUeUuSEqKEHy5BH1FQ53tRgfrRd5a0XaU35Z7xU1x1biQ5/rS2RhJ+pqC3e9z7rf3rxLkrVcXHg93o42qB90p8sYGPkKwRRT1ULIJW5GsaRuDdxaW8r6AE+06aKxnawlwN7/9Q11tbLi2nklDqCQpJGCkjrmrWMJDdl7Npd+dNsbjLfC5EhJwG0Od6gbRzkg4HHiKjL2vJDzYW5ZbAq4nlVwVAQp5Sv8AUc+7u9cViV2gXWRYH7YWohMkrVIlrQXH3VLSEqO9RO3ISke7jgYq5UR1NRkGUNsTfXtBFxp7b6g9wQYWMvqnkHVka0a8vb683HTt1edRMZUOXmVqJCgD/EknI9fKpDbNTxNSa2vEeCw9HtUmwvWqEysjKENt705A8TsVx61UQ8gcZoxpbUU7TE1yZahHTLUgoS84ylxTYPUoyPdJGRnyJpVGGRuaXxjp5bDWw5WJ9ug1te2iDJiDY7IrqnUUGTCsEHTwmMsWdtaWpL5CXFqUveV4T8OCTj0xRXs7anSbHrELAMe4QSyJD7oCVyQtKkp3KPxEFXWoPdbhKu1xkTrg8XpT6tziz4+X0AAH0prk7QM8A5Aqc0YMPCGmt+3W+Y9nP/iZxLOupXcNXvSNOR7A7bLWGogKGnQ0XHGySN5SpRONxHJH0p872n38BhENu2RGo6e7ZbZhoIbR4IBVnIH28VBjz1pU40NORZzAdSdddTude1Diu7VOrd2lXlqTb5FzUbk9b3XX4zj6uUKWjbgY6AHacelOVdokFy4s3qRpWG5qVkhwTUPqS0twD41s4wVePBHPNV4eetI89aYcNpSbhluWhI03toRpc3tsURM8c13nSXp06TLlrLkl9xTriz/EpRJJ+01wpUqugACwUe6VbI+Ota2R8dFJYV8ZrFZV8auDWBz4/bSQSpUscZ8K1KkjqRSRW1Kk0C6oJaSVqPQIG4/dRONp69ysezWa5vA9C3EcV+Caa57WauNkQ0nYIZSqUR+z7V8jHdaau/P+qMpH/uxRBjsn1u900/JR6uLQn/5VVfiNJH15Wj8Q/VOETzsCoPSqyWexPW7oz+rmEf1yUCiMfsD1c6AXF21r+p8n8Emqz8dw1m87fzBPFPKfulVJS69Ku2P+jxf1f5i8W1ofyJcX+QrnN7ClQXktyNRocX1UGoZ936ldOpMYoq2Xg00gc7fQH42smSxuhbnkFgqWrNXUjsetaR/jXec6v+RtCc/bmujXZZY2yQ67cF+inUj8E1r8JyqGpjHNUiRisfUVf8Xsu08Gi8YUpxlPClF1W0H1xxT1rQel2hxakKH87ijn76XDKXrLAvOlYJA6kV6mtmmdMRtuLBbnAPBxrd+NTmwQtKoWlLenLO0vj3kw28/hTXMc3Wykjmjfpey8P705+JP20+h22fJO6PAlvJx1bYUr8BXv32q2wUBTMSMzj/Q0lP4CtUashp4LoFQ5n/yqezBu5VzH7FtDMHd+q3HfVyS4fzogz2VaKaxjT8VRHioqV+JqU3Rl95lruNpUh1K1Aq25SOcfhQpcG8OBwpm4C3cjYvACfDHHkflwPXPjNNUVlYzPJXFp7C53y/stWVzYnWbFfuAWrGhNKMY7vT1rGPOOk/iKIxtPWWKcxrRbmT/y4yE/gKbRoNybnNOPTVKaGNyCrgn38jGPVAHyNcmYN0bf/wAyFNgKIQXT7xO/g8eqefDFRPpXPzB1aDYX3drvprz0HmiKgi31R93sR5tltoYabQgfypArpXNOG207ldB1UrmtwQSACMnpXOvBvqbq8NlmsYGc45pEgdTis0zVFKsfQUiQCATyeg86yOo8jS1STO6S0w4qnCffPuoHmahbxWVFxICnVK3e8M7jT6+XFEicUoV/htkoT6nxNONJNpfuRUpIKGkFeCOpr3H0VwYYXQcSQfWSC57QOQ8OftXK11QaqoDG7BcY8JU5Db7kf2LAO/CCSfkKAX2fbm5TKGG3nyCA4tY7vgdRggc1aE8ANEp2oKh54qudXWxuWwr/ABUtPJVwsJBqKrqZIXhzHajS/Oy2KGhgmkDZ9GndSzTFxsm1yFb3kJLg3dy6rKljofnTuVpezSEq2tOR3cknu1fkRioJpNVs0266iRvnKkhIK5CQSnGfh8s5+6pWzq+xMtIYMwRnSSEodzkn+1OpMTc8Zg/U+HxVzEsMhidlY05OV0MOkJ+HS2pte1ZCNpwVp8/n6UzZbftsnbLbW0r+ZNFZOrSw6e4W15qUkZB9RRWzX+LdwqLK7lxzHCVdVfTwrRpcaDiI5N1hS4YwnNEbEeKhd6uKnvdQs+tBFLJ6k1Nr/pQLy7aUkE8lonP2GobPgyYStktlbPqoEVuRTMeOiVkVEMsbumFa82OzMiuMyUbmFoKFAEjgjB5HTjxoUdN250pcSZBwUqG2QrblOcHAOKIXhrvrXLQI5kqLKwloL2FZKT7oV4Z6ZqKtWxxTit+n5qFJ97KJ4CVqz4Dd6Z8OvjXztTXczSQjxHzcF2ztDsja9NW5aVBYkkFKUZ9pXkBKSkY5yDhSuR1rmvSdrVggSO9wQlz2hZUMnPifPw/vQoQ5CG0o/UE8tIQRg3EEnJ3Y+LnlIHPn5Zrl+plMvzFu2m4OJASltInEpVg4G0A5zg5JPl4VYaH/APsfMf1IadiOvaZtzwUXPanAsYV/tC+eAOmf5RWp0vbHNqsycJPG2SsAHfu8+OaEuW5x0uuosMxDyV94kGdhKlEpBwArjAGefL1psi2KaZV3mnJaeoUG524HjqBuzkk/byccmk1r7fanzH9SWnYpANNW3c3kSFd2tK0pVIWoZSRjIzz0FaOaVt63d3ezkpHxJEpzCjxySTnw8KbWvT0WTHKp0GVEeQspAMxSyoAk7sg9DuPFPlaZgKdecWZSluFPWQv3dqQkAc+mefE1C6fI4t4p8r/MogX5JP6Ztr6wp0SMpbCBh9Y90Kzjr5/dRCWoRLeoN5BQjYjJz4YHNDGdK25tppKjKcU2EjcqQvJx4nnrTq9KGxtscck/9/fWjgdKMSxKGnLi5t7m45DU8zvayrVspgp3vG9lGmYIJGeSaltijRYULctITIXkle7nGenyoFkJxt4IrpGkFqQlwq6HmvdaqJ8keWM2XI0sjYn5nC6f3tcuQoCK4jb6mopKtl2cbckNNpV3a9pyrr5kenrUwnPNuNBfcAjGQtI5NQ2431xVtuTzqF90yotxwnKU4H8RwRnmuFmo2cU8Qm/fou1pq8xhoa0eXzQu92O4qTu7oZ6nnGPzoCmRGujT+npgS7dENK7tL7YBA6jYsc5HqPrRO76xlm0IEdYyWgW1YKl7enPma42fU2loUnv5rn+8VDb3pQQ59ARkUqaJsZs3ZWqvE5J4hE4DyWI7iFwIxLTgfDYS4FoKQFjg4HiM559KaoWi3vqmsyUqDau8cYHDjQz1HmPwplqnSNxnyHZlnkymy4N7SXHFEHOPcOTwD9Kj+lLRKm3Zpth95gtuEPj4ggfxcnqPAefFSMpWuvY3VKhn9Tl4jtuxX5bb0t+NHkpBw6kLCT5Gji3o8xtCJ7AU2obucdaER4yVoQptIQEJwAB0FchGLT3eLUtXXCSePsrXhaY9Lo1Do5uqLI9LW83GcXGbDrwSShClbcqA4GfU8UCN7uwcDX7PSC7s38PJx16bun35o7NU6iO4phAW6EkhJOBnHAoIq8XZsYesihj4nPam0pxxlXXOBmvEqdgc3qtPebfMKQ77rY3a5obdU7YnQlCSr3XkkqIxgAeZyRzj4TnAxXQXG7KDgFkcbWnOCuQgpV0x0+vl0rUXW5mS2ymzKKMtBxwvoASDjecZz7v31tFutwefUldndbQncA536F5OMgDB4yeOfSpCywvkb+b/ACSv7VoLrd1I92wOpVgn3pDZGQnIHB8Tx8/TmthdLr3SFfqJ3eVEFPfo4AAwfrz9lcjdL4tA22IoPX3pCCOqfL0Kj9PWujNzu623HHLE4hQI2tmQglXBPXp5D60THp1G/m/ySSj3a6OvJQuxPoRvSlSy8jA5AJAzyACT6486O1HHbpfRy3YFFJ2e6ZKCQdx3E8+WPrXYXO8KAV+pCPextMhJ4weftxUUsBdYtDR3OHzJTgUc+dA70omWBnhKRRsElAJTg45HlUbvLmLi99PwFdd9HsQdib3H7rD8QFkY461OB2kfNNFqOetZYbdedCGUlSyegGa0bC3XAlCSpR4AAp7p959dydjtqVGMZWXypsEuJHGEnokZx6kV67VVTKdvS3OwXO0tOZ325I17RFjurYkOoQ+0BlKhgYx1HnUO1vNYVaZEKzqy48go74493PgkUC7VtQhh6EiHhAW8UuLUnIPXaODnJwfsqGuXJ+CpchRbaitgd42RvWs55HOTnHrxmuNk1JLfBdQ2NrWZnFa2l16xzWVuoLvs6t47xrcFZOTkYOBnyp5Lu7Oqr67OfjoRIaACUhop7sDxGRknPjRRMrIYehuhUdeApKwCCD069KNKjIlRy6wEKxwfcGQaDQ6ZpA0Kno5fV5BI7pBOtPJdyiVPujTkfwadRlQ68E/UedErd+po63Bb2GQpfKlJHU1X91kS7aFPPLLjCRkgn4QKzZNcWhSBsVsX/p2nNaNNAcoAGqr1dUx8pcdAreiv5bz7qUj7609qQtwlRBT5VXEnWSXGtrCiAf4zTZq/OgZEonNWDG5mhUUczXatKueVHblRXo74KmnUFtYBxkEYPNBV6Rsy21IXGdUlWcj2hznJyf4s85NH6VeCxzyRCzHELZLQd0De0raX1uLcYd3OqUpag+4CcjB6K+6tP2Ss2SRFVnA/4y/D60fpU/1yfbOfMoZQtGW0tNobQCEoSEjJJOB5k/Kt6VKq5JJuUUqVKlSRWKi95H+83848D9wqUHoflUbvyCLjngbkp6+nFd59HkgbiT2nmw/FpWLjjbwDv+RSjXi22G3uO3KSiK5IOxpboITnw5A45oZFuTr8WRBhNIkXxZUp1qMrvO5R6q6ZJIH18etde00QWdHLEpTYbQ2BuUkHBI6DPjVXaHut203L9thttiI+wQplxG0q5yDnPz5PH3V31dIHyHPoEymaIYwFv2lzhpz2YT21N3B5Ce7iAhSmkpTwpfgDnPSoTbn3lWtxu45dU+StKkAbkKP4j0o/raZ+0mrXn5brfta4qQWVJ27U+G0+P0rTTDMSPETNuakhDSykM9TkHx9aokNY2zVq0bIHtdxRcnbtXdIdXBioBQylhhKC3sA3qySVfhUv7P7hKlOvx5CSpkNkpcI5JBA/vUTXIa1XqpiOGno0Qp2pUy3vKj5nHwjFWg3JgwFt29sNtENqKEJ8EpHPrUUbnRyAAXJVjEnQRRNha2zxv/vNQHtSukaDa5EUuJ9qdSUpQOvPjVM2p1TKwc44xzUs1a09ftSTJpOW1L2t58EDpTWPYsYKiM118MBaFw9TVte72Jq/eHu6CWyeK4QtR3CK4rKQ6k+Bo0mxIzyM05btLSRjuwamdBxOsqrKsRdResaVCNUSrpEtSnbJD9rmhQ2t5ABAySMkgc4x9aDx73qJL5besS3Gg8E95u2nYVfFt6cDwznj1r5yhw+SaPiNc3xIB96750oabFS+lUKfv2qFW9a2tPBDqkLCApZJSraCCU45BJx18PKnQvN+7mSHLMpLqYi1tqR72Xs4QnHjngnpj161KcJmAvmb+YfqhxgpXSqIC+ajXu2WAAIWpJLjmCoDBBAAPXkda1avmpMKDmn1bkgjcV8kgdcAYx0PHPOMcZpfsmb+Zv5m/qhxh2HyUxpVGY13vTsaWHrOGZQYW5FRvKgtQ3Dao4GM+6R6Ghr9z1ch9aYNtZfjb0BtyRlpSwQ1u3JCTtxlznnp0GMkMwqRzi0uaLdrh8dv99hRMoHIqcdaBakbJUwseOUk1tpmTdJLbxvLJjvgjDaUYQB4EK/iz1PTB4xT28sh6A4P4k++n6f9M1pejs/7MxiLOQRexI26Qt7rqrXx8emcB3+SGTodnvenXItzb9oQpvBbKiNpHQ8ePjVG6hst1St5hkLkt4WkKUThaM4HunxIxwKsm9XBcCKtbe7fjgJqLQtUpkAtTmELdJxlXuY8q9mq6Inps1XPwVrH2jfoqyhtqtOo7XMuMOY7BjKIUkpz3fUgDcQcZ8Dn08qkmrFs3OU1LtkR3/HdHugEBXrjzoR2mqVdZDeUhDbae6AC+FfzE+J+dE9P6iZkFuI8yW5CUYISd6Vev1xWLM2WwLG3IXR4ZJT5/rH5SNiVidFVb7Y4wmYsS3vdTEYc94jqd5HA6U7sDclqJOmylkktGKyM8ZPxEegFNm7c+LvJkhtKEuj3SlfCfpRdhlSUNo3KWEDAya06DD3gh8oWBi2KCaRxBuTpcIazEwM4rsiPg9KIhrmu0aG6+4Aw2pavQV0K5uyGhjJ6VsWAPCpMzp6QUhTy0Mg+asmkqxxk/FOSD/TTS9o5qUQvOwVuz4TU5nunisJznKDhWfnTVu0JRuKpk1ZUNuVPE4Hy+tKlXzIyrmjbka6wXpBYCblJNkjjO1+WPAHvlZSOOB5dK1XYoq8FTkgrCtwV3p3eAPPyAFKlTxX1A1zlDht7FsmzNhzd7TLJwoDLx4yMH+9bJtDQXuVIlr94K2qeJANKlQNdOfvJcNvYiXkOg/GlSpVVTrJVgjIIIBGKVKi0kG4SIuobeUW1mS4xKJKxzj0PNAZMGwPA7knHkaVKvovDqmSekiledXNBPiAuMngjbI5tuaYK0nanld5E7knp76BWx06WDkNNn+ZI8KVKtCNxuqs0LRsm7ts25wkYrRi0OuuYbbUc+lKlU50CqtaCbI7G09HitBy6OBPkgHOa3entsjZCbDDQ8QOTSpVTe8lajIWMAsEDmzXnVkNrwT9TTUW6W4nep3rzSpVC+RzRop44WyHpL//Z')
INSERT INTO author (id, name, last_name) VALUES (3, 'Alexandra', 'Jamieson')
INSERT INTO book_author (book_id, author_id) VALUES (3, 3)

INSERT INTO book (id, title, isbn, description, category, pages, image) VALUES (4, 'Niezniszczalny', '103', N'„Temat na scenariusz”, „Jeśli wróci, będzie z tego piękny film” – pisali i mówili kibice oraz dziennikarze, gdy kilka miesięcy temu pojawiły się informacje, że Robert Kubica ma szanse, po ośmiu latach przerwy, znów ścigać się w Formule 1. W tym niezwykłym – dla każdego, kto zna losy zdolnego kierowcy – wydarzeniu słusznie dostrzegali potencjał na pasjonującą hollywoodzką story. A przecież Polak pierwsze fragmenty świetnego filmowego scenariusza „pisał” już od lat. Jest w nim wszystko, co kochają widzowie pod każdą szerokością geograficzną: dziecięca pasja, młodzieńcze lata wyrzeczeń, rozłąka z rodziną, wielkie sukcesy i bolesne porażki, dramatyczne wypadki, walka o życie, zdrowie, powrót do wyczynowego sportu… Kariera Roberta jest pełna momentów, w których dokonywał wręcz niewyobrażalnego – pokazujących nie tylko, jakim jest sportowcem, ale przede wszystkim, jakim człowiekiem.', 'Sporty ekstremalne', 288, 'data:image/jpeg;base64,/9j/4AAQSkZJRgABAQAAAQABAAD/2wBDAAYEBQYFBAYGBQYHBwYIChAKCgkJChQODwwQFxQYGBcUFhYaHSUfGhsjHBYWICwgIyYnKSopGR8tMC0oMCUoKSj/2wBDAQcHBwoIChMKChMoGhYaKCgoKCgoKCgoKCgoKCgoKCgoKCgoKCgoKCgoKCgoKCgoKCgoKCgoKCgoKCgoKCgoKCj/wAARCADIAMgDASIAAhEBAxEB/8QAHAAAAQQDAQAAAAAAAAAAAAAAAAQFBggCAwcB/8QAPxAAAgEDAgMEBwYDBwUBAAAAAQIDAAQRBSEGEjEHE0FRImFxcoGRswgUMjdiobHB0RUWIzNC8PEkUpKi4cL/xAAaAQABBQEAAAAAAAAAAAAAAAAAAQIDBAUG/8QANBEAAgIBAgUBBgUCBwAAAAAAAAECEQMEMQUSITJBcRMiM1GhwQYUI4GxYeEVQlJigpHR/9oADAMBAAIRAxEAPwC1NFFFABUN7YTjs41k/pj+qlTKoV2zHHZprR/TH9VKdDuRFn+FL0ZVmWT10jlc+dZSPmk7mtBuzl0jEselAY+dY0AUg/wKomNLoGO1N8QovLqWHEVvEzsRlmXqvljzPqoclBWwxYpZpckR+jHogsyqD0LsFz86EmRZ4+eK4kjJGe6jJJ9h6fvUJuoJLiSKaVpo35Sqx8/LzKCfSJHh4V3Hsa4SjNidQ1CSSQMcxo7FgPnVLLqp17pu6bhOLefUatB0G41PDWui6hMrDZ5mESD+ZqVjgmRICLnS7aIsAMpK7EfP4V0qOdbdAkHKiD/SNq3GVJ09LB86rvNN7yLy0GGO0EcZueGrbvu7lhiXblGCQf8Amovxdw/HZL39q2FIy0ZP4T413XVtAt9RjPds0co3DKcGmi/4SkvtNkguCHYoQH5eUk+vFOx55xl1dkOo0GKUGoqmVrkJDVkjZ6048RaVNpOpz2lyjLJE2DkdR4GmpTWmcu04umb8mvSdutalby6VsBBoCz2rY9iv5Y6J7sv1Xqp1Wx7Ffyx0T3ZfqvUGftNLhj/UfoTeiiiqpthRRRQAUUUUAFQjtsOOzDXD+mL6qVN6gvbgcdlmun9MX1kp0O5EWf4cvRlS2fNYk5rQXrMGr5zSVGdZotYr1rbH40CSZvgTJFN15cMtxKyseTYKBucnYfzNLLyR4tNuHj/zAh5fbUbiefuHli3IULnfPQjPyH71V1Utka3CoL3pv0FVk8txfnvBg5C8o+H7VZPhK9+7aNawBhlVAOKrvwzAHuu9Zucj8IzgD211bQdQkFvgfgGwasjUZGn0Os0uDmhbOk/fm5uu1KbW/HeAEn21CIb8u3o5GPI9aVpcyq4dUJ9m9V1ndll6c6BHed24PMCDT5p15FIgVyDkeNc5i1GaSMhk5cedZ2erSpKVVhhfEmrCzlSenclQv7XuCItd0aS/skxf2yFl5R/mKOqn+VVhlUpIQdsVcfh3WUvrVoJyA4Hj41V3tL09NN4y1OCJeWPvSygdMHf+da2lzKao5Xiul9nJTojSmtgak6MazDVbMiupvDH21bXsT37MNE92X6r1UXPrq3HYjv2XaH7sv1XqDP2mlw1VkfoTmiiiqptBRRRQAUUUUAFQXty/KvXfci+qlTqoL24/lZrvuxfVSnQ7kRZvhy9GU/rNOmK8KeuslGBir5zZuTpW9RgCtMYpQvUUDJbmye2lutPuIYFZpWjYKFXmJOPAeNRO5S5sVkt54JIJuQF45VKsPUQfUKnNv947oRWRZbiZ1iVlOCAeuD4f80r4i0K31WNrSS5V7qFQqurh2G22fketZet1MYZFBo63gvDZZNK8ye7dL0GPge2guoyDuMgY866HHBJGoCqqr4DFQ7s80W5sb6WKcZwcA42rol2gjQs5AAHU1k55XN1sdHpvcgk11EtsvKjys4VRuxJwBXv97tMsjyS3dvn3hXOuNNRknXknkMdtzYjjB9Jj548ag7sJGcCCVlj/ABltseFS4tOmrsiz53GVUWV0bjHSdTZYFkjLNtlKfI7eG3n7xmUxFjk5qvPBkHLeJNaowbOMHbHrqXcbanfcPQ28N7OVade8jOdvKldc3Kuo7l93nk6ssRokFi8BmtnBcjwOcVX7tl9PjW83GVCr/wCopN2Xdpeq6NqkcF+iXmnzyBTINyufZ8KTce3X33ibUpyQeaZsezO1aOhhU2zleNzqCXzZE8YorJxvWNaZzydhVvOxD8rtD92X6r1UOrediH5XaH7sv1XqDP2o0eHfEfoTmiiiqpshRRRQAUUUUAFQbtv/ACt1z3YvqpU5qDduH5W677sX1Up0O5EWb4cvRlRCMUDrXhbzNY848qvnNm9DvSmMg0gV96URP50DZLySPRDmcKpAfqhx49P4E1IOHdFOm6jKL+LnnZCxmBynUdD54/nUNtZSrKynBHQipRps8l0pZk5zEASQdxnPh8KyOJ6dv9VbeTrfw7xCKh+Ul0fVoerGWC319kP4WGRv0p3vmjumMZX8Rx5VDLSR7rWZXUsgU4LAf6R/WnyK9V7lIkyeXfIrJkqVHSRVtsRXXB7SuZLa3RZhvzkZ/wB/vSA8E6jdORcSxBB15IgPmd6nI1+K2BQkcwHQHpUf1Hj1I5GggjErA+kSfRX+tPhL5C1N+BJp2gJZPyLJzumBnAAAz/8AKcu0bQ/7zcJ27xWpub7T5hyqpwWjYYYD15C0tsrmK6t1uYnhZmUHAGM0+aLcwWcV597V2hMDSMEOCOT0sj2YFLjbUrG5oqUKa2Oc9nHBUdrdR6rJBcwm0DGe0uYyisoBYMp35iDUV1CQz3EsrdXYt8zVjNZ4hs9R4E1KeJ1klWB05+hORjJ+dVwlO9behVxcruzieOTftIwqqEMi4rURilki9RSdhV4w06NYBNW77EPyu0P3ZfqvVR6tz2I/lfofuy/VeoM/aafDXeR+hOKKKKqm0FFFFABRRRQAVBO3M47K9d92L6yVO6gXbucdlGvH9MX1kp0e5EWb4cvRlQOasS3rrXzZHWvCcVfObNgbfY1vifekYYE1uiagB3tm3FS/hWTuZJ5iRgBM58gSahVu3KOYkADqT4VLdEkjfRLqWN1bLBOZTnoD5e2q+r64Wi7wq1qoNHtreLbPcCMMgDHwByCdqSQakYrkSOSXzk+lv8ajt3fyQThbguAdlY+Hhn5VhBI81zhTu25PtFYEsfk7rHk6UOfEerXMOkW6QEma5JllkAywB35R7BTNpyPd2nPbklScs3I39PM/vUm0u1QGzacq3d80eMeeMfwp0jhXTXMunXAtuc5eJlBR9wTsdt+UZohNRXKid45TfM3+xABc6tpl4JbWQ7HJQN1HrFP17x5qCaXexd0qS3EBgJZ+blDfi+OKmkt7DqkSK1hpRuQFRW9Ig+nlvRA8R69qg91wfHY3a2UfK9w7NJPMRjC+LeoZqZcr6tdStkc4Jq6X9Rz0HXZl4Emt3c89zKEwfBVwT+/LTOWz1Oa8upI0Ihtz/gx7Ln+NaO89dbWnx+zxqJwnENQ9Vnlk8bL9ja58a0OaGfatDvU5S5TZkVbnsROey7Q/dl+q9U+7z11b/sMOeyvQj+mX6z1Bn7TS4aqyP0J3RRRVU2gooooAKKKKACuf9vZx2Sa+f0xfWSugVz3t/OOyHiH3IfrR06PciPN8OXoymyvmsgRSRXrYH9eav2c44igUojbekPPXkk2FoEUWxdcQvfyRRRklyQnJnY+uuji3g0zh6CwtyCUALFRjmbG5rkf3zlyMkU46fxLLCO4uXLRHYMeq/wDyquqi5w901dB+nkTkPeqRq6kkYZj8KZba4NlcMJ1zF5g/hpfJeBwCCD4g033pEw9R8BWSotdGdVzJpSjuSuxvFnuI0gYnnGxX1b0/anC1xp5WMguDjDbbiuX6deS6ZeJKMmNWBwMdKkVzxSLgIIH7oFQCGONwOuM+f9aY8HW0Sx1dWpEm4C0O+l1VLmWMmKL08qdhvtWHHWotFqV0meWeflM3LkBVH4UA8vH/AIpNwjxLJpMyzancNBaSjmUSx7y48F8+vhUM4i4gvNQ1u7ubgxsszl1UHmUKTtg9f4Vd0uH9TnkYfFM7nD2eNijvuY9a2q4x1xTVDOrjK5B8q3iXbrWscu4tdGK3kxSd5fXWiSX11oaSgKFXe1cfsHOeyfQT+mX6z1SzvKuj2BHPZJw/7sv1pKgz9qNDhyrI/Q6BRRRVU2AooooAKKKKACuefaD27H+Ifch+tHXQ6519oY47HeIvch+vHSx3QzJ2P0KUBzWQk2rRbDvbmKInAdwvzNPOo6altZ3Mg2KLGw67ZOD/AAqaeaMJKL8lXTcLy6rFPNj2jv8A9N/YbTLitEkud/GnC7t4Y9M06RVxJMTzHPXesNbjtrWeS3igIIcEScxxjH4cUi1Ck6X9foSy4TPFFzm1S5fn/mVrwNbtn20+wcOvfOTbyRpCMc0sjgAehzdPZ6/LzFa9Whsf7HhurS3MLSyco5mJOBnJ6+qldjo0eLVidnB5s53JUMPH2j4VC9VFLml0/sXcfBM8sjx42pdE7V1T28Cez065gSdVubeRYQWKcxyccuy7bnLjal95pkkCO5urORY25GMcwb0skYHn+E/7Ipoht4JtGvLl0zMrAK2enSldpp1nFaWktxKF76NmLk4UHI29uM/Go8s4fLzRPpNDqJ0k0k483V7K6/kThlmZEJAyQM+VO40IxNI/f27GDuyQH3YuucKPHG4OPEU2cO/dLuWSC5gZ5N2DhiFCivNFSF/v1y42twGQZ28f6UxtRbTW33JYafJmjCUZJ81/Ppyq3fQk3H9pJquoaTcRXlq6wKloYuf00YelkjxyPEeVRAaRMLaGZ5oCsiuwAkBK8ozg+3FbLpLOHiN+ZDcwsAQqvk8x9eaw4htYbfVBDaR8o5FyoOdyf+KsY8i6RrdWUNRoJxhPI5J8suVpXd+K6VRogkwME7jxpQJcivdRsRZ21tKhb/EyCG65FZ61DHbXEIgXlV4lfGT1OamhnjKlHzf0M/U8Ly4lNzr3eW/+XVGppKwL+unu30eN1gZtwynOc7nAI/nSXRbSC+t5FdP8RHUlgd+U0x6yFOXyLK/D2pWSGJ0nJOv2Sf3G3n9dXY+z8c9kPDx/RN9aSqTXZQXUohGIwxC7+FXX+z2c9j/DvuTfXkp+R3FMqabH7PLKN7dDolFFFQGgFFFFABRRRQAVzj7RP5NcR+5D9eOuj1zf7RZx2M8Se5D9eOlW42faykNhIFv7ZmOFEqkk+2pFxBqFu9ndQrIpfm5AAc53Vs/xqKLyh1LjK53HmK3A2oD5ic/i5TzYx05flv8AOlngU5qb8C6TiU9Lp54ILv8AP7UOt/IjaVo4WRSy83MAdxuKy4nSRp5JVmR7fvAAobJ5uQZPs2pmJtyu0bA92B1/1edbri6hfCqsvJyY5S5O+Tv/AA+VIsFNNPa/qyWfElkxzxyj3KOz/wBKr+49cQxINKtEimhZbdQGAfJJOOgpxTVLaCC1DyqB3KNnOehwR8jUQlaBlTu4mVguGOep86xZojGwVCHLAg56Dy/35Ux6VSiot7fcsw47PHlllxwpySW/y6fwOlpIo4bvV51DGVcDO56U52D2i2KKZkNs1ue+SRskP5AeG+ajRaDuIwsbiYBudubYnO2B4bVksRuJSLW2lfOCFUFjjG/zNOlp+a+vmyHBxZ4XF8idR5fq39+qHrhZES0vpTLEk7r3UfO2MbdfZ0+VY8PtEi6naTSxKzryAk7HHMDv8aQXNnIsOP7Ou4pCRgsDjoPD1nm+fjTZI6FIxGCGAw5Jzk56/KiWC3K3vX0DFxT2ccSWPs5lvvzXf8ki5bP+9EK2xjS2XBJB9HIGa2zGM8VQyvPEYnPeKwbIAAOAfl+9R2WS3Pe8kTgnHJls4rPvbQSMVhl5OdSoL9F8RR+X/wB3ig/xVVTxLvU/lt49CQa9dwXekxSQyczCdtj1wc+Hl0rDXVW4SO5imiKxwopXmyxJJpgE1vzgiJgvMDgnwx0+dexPCpm50ZgVIj3xg5GCfhmlhg9nXK9r+ozVcVep5/aQ7kvPmN0/qTRdSt4IrdWdf8pGznPTYj24NN3CkqLNc88iplQBk4zUfWS39ING5ymF36N5+zrXolhU5VDnmz1/0+Wab+VioSinuSy49knqMWaUPh3S9VRuvI+5upIw3MFPXzq7X2eN+x3h33JvryVRlmBY8uwzV5fs7fk1w57k315KmnfKkzLwtPLKSVJnR6KKKiLYUUUUAFFFFABXN/tGfkxxJ7kP1466RXNvtHfkvxJ7kP146VbjZdrKLKw8aOYZ36VhRU5RMi3lWOfGiseagckbAx8ay5h510vsq4T4Z4h0mSbiS7mtGW67tGjkVOZeVSQS222fDzrob9mPZWsF80XEpmZT/hj79Dkb4wMbMaAorixwKlmjaJz2MF7rvEMGjW06loI5EklllQEgsEQHC7EZJGcbZrtOq9jPDEQt4rG3v3ZRmS4lvY0RieoIILDHqXejiLslsOItStpDq9pYwQ2qWkcEUjSciqTj0io88dKQWKSfU5VZcHQ8Q6gtjwvxdpt9dSKxS3uY5rZnwM4UshUnY+IqBX9pPYXs9pdxmK4hcpIh8CPX4+2rP6T2CWeh6jpt+daBNpcLcR8+D3hBBAOAMjI6es0qvey7hLVrq7uUhsLqaYDLpqEqhWBGSFxjpty5wPDFCY9qip9Fd+7U+DeFeGrK6XS9DuobmZV7qR5DJGinruWIzlfP9siuA0o0K9DEV5RQNaMuevecVhRQNo2jcVen7Ov5NcOe5N9eSqJp1q9n2dfya4c9yb68lMnsS4FUjo9FFFRFsKKKKACiiigArm32jfyX4k9yH68ddJrm/wBovfsY4k9yH68dKtxsu1lEqK2Rx8zquepxUlsLCB/u0KxBpZiSN+g8P51YSspJEVO4rDeulw6BLbSenp0NwpBGH5hg+fokUSxQaavfXHDenXHJuY5GmAceX4+tK4jk7Jd2bdq2g8HcIWtrDoRaflK3UyICZH8ySem+KkWiceaJxNq+kaRw5ZjSo2lae4txaR8s/KAygsHyp9Drg5rkzcfaUsbLb8H6NGrDDJ3RYH4k706cP9pQgvYf7P4b0axdQVWeOJIyuf1lc+PnTUxZRdHbYFu348uI77UpGtuVXggCARW7GEFiGG7nDbZA69Ka9UsbrSdW1PuII7n7kSysZh3kh6nCcwYDBG4B/nTPrvF8sEVtcXenRzySRsHdXYMpKKvMMHHQDwqZ8K6jaaxq+jSyxQyQX3fNKkiBhHNzb49pPj50+UWkGOUW1yoZH1/UdX4d0K8eCCMTW8pIlkaMQskrrjofIeus+N7W90fVktNL1uS0h1KJJriFLWLkLP6JY5GcnG9dluNK0ueF7W5trZrcbEOq8uSSSPb41zLiqawsNd4gnu4oZ0s4Ikh75hynnJPKPLcnHtqOD6j5/NrYj3ade3mj6VpuoXskl3pGAWs1hQLKyNkEyNk5ww2APSoTN206MSe64I09AM4HJCfZ1i6/7xUi7VeNtT0Ox02O1js5LVolWO3kUOYyBgnGM9Coyeu/rrlS9oOs8/NFpumj1DToWH7xmlluMgm10IvxbqkWt8Q3uo21nHZRXD8wt48cqbAbYAHhnYCmhT666EvGt3qeo2EOtaNpz2yyYfu7CKJ3B2/EEGPVt86Xa5awWWq6hpUEEFwjqArtEiso5gQRygYOBg+00JWK1RzKipuODpbh+ZYiuf8At6U18RcMy6TCkh5sHzpWhjpkfQeNXr+zr+TXDnuTfXkqiyLV6fs7fk3w57k315KjnsSYO46PRRRURaCiiigAooooAK5z9ogZ7G+I/ch+vHXRq539oUZ7HuIgP+yH68dKtxs+1lGo1xIpI6GpXwW8cmsWjSMDyIwwfDDH+tRzuTgnB2GaU6PdfdrqFwcYjI/9jVjYp4+qZY23W1cISF671G+0qG3j0My2/KJBIMHIFQiDi2VFA5/HPWkPEnEj6hpUsLNt1osbGDTIpNc3YkZGuI4Y+YgASdBnyX+lbUyF5Li4vZgyk8kPNj4k/wBKSI97OGdMhXweZFAbPt2PjXqxlSr3FwmPJ3yfiNzTSzQ7/fZbW3AgMcPMMCWS4aR8eQA/D7K632K6lPfQadarcIZI9TEfPFGqsqsjHPTcgk9c9B5VxY6sqJhcTAeHdjHzYfyrpn2ftUvL3jCG2WCFoVZZGCoqciZwzHAGcA06L6jXHpZYOPgvT7G7W1j1W5knkufvaQyKshz3JiZm2GQQclj/AKseJ35X2r6ZNwno17pNndF4XhgJmnjDu6q52wRgjLAewYrt0ZtVYCKKGSDqkiSRnn5uU5GT0/35Vzrt6sSeDHv9NcJcW/8AhyBcMQhbqcHAGA3z8KFOT6NglFFeiZdQsj9/e0kliIEZPPbuR4gvsoHkDt5YpvaxlSRzAbqILkll/wCpj+DqxBrF9Wumuo11u5unMWSqM3Oo8M7dDSGNIDcLJbSwO4x6Lv3Q9p5tv3pljqHfSH755v7R1mWF1A7sRrjfzPMB4eVZ8MX7zaxYTXbFsryM7Hdt+p+BpsuorxLKRysqxkghzISqkeRzjFNmm3TLdW/O5PITg/CluhKtFj7FrRR+JDvjwNRTtMSCbS25McwUkY9W9RCHiWRDs/70l1fW3vbdldidj/CnWQLG7siSrufKryfZ427HOHfcm+vJVJVgYqDjrV3fs+Dl7H+Hh+ib60lMyKkSYO9nQ6KKKhLYUUUUAFFFFABUD7dY++7KdeTzWL6yVPKhPbT+WWt+7F9VKWO6Gz7WU1n0/ltZjjfkb+FRISEToB1K4qeXKTEER3AVTtgoDUBuea21Aq2FZGxuKsTK+NUOFtKpjfvISxUHBBIyfKlF7DDHdPEwdYmUMGBGwIHrPnTI+JFDK4K7kjpv7KU217BFE6G3MjMMZ5iMfAfGmWPo2I9q2Ymt5EdfxEPQsEDOFGQGIALMBisob2y715bq1mZiAAqHAPrJ61uh1OzWAxSQXIiLBsK+Nxt/OlVPcOqEV/ZLEHeCQPGrcreY8j7Kk/ZFxbFwVxLLrE1q10sVuyiJX5MkkDrg+uma8u9MuoClu0tuxAGHBYe3OSaRWxt4BMv3iN+deXJjbbcHb5UnnoG6plveCu1LQOKdKe9ndtMmik7ruJtQVSRhWDAnlB3GPn4E1DO0ntX0u7g1fh2LTpbu2uea1W6F3zgMAeV1Ur0yfA+Hsqu1qY4M8moBQeuI2pVbQW8lyJhqKhs826Bc/NqBHER2yCWXuZGKMTgNjNODW1mkMYjDzSluUg5BPkQAD/GvBZ2NvK0jX6kDoAoYn5MaUtrOmxmNoLaRpUPN3s25LeexH86XohW72Ely6yHkeI865GGO/wAfGtdtGpMjPBGpU4UKD1+RpQup2TyBjAoPiOYgN6uhI+dYSakpcd3aWaLvyhkZsf8AkaLCmLhcRQWEPc9wLgNIzMSAw2HKMEeBBO3nTWHkkBaRgXY+kQc9awnAnZT/AIKkeK5A+OSaW6cpc21pFIzZbBUOSpOdsCkuwqh1srMPZwM3UoDVyOw2MRdlehIPBZfrPXF9O4Usraxt45rO0llRFV5JJl3ON9u+UV3/ALOreO14N06GFIUjQOAsJyo9NunpN/E0ZJJqkOhjlFttEkoooqElCiiigAooooAKhPbSM9mWt+7F9VKKKWO6Gy2ZUie2ST8TOPYxH8KZ9Q0GC5YuzPz9OYkk0UVbaTKt0IDw3H4SH5Vsh4dEUgaOXlYdDy//AGiik5ULzs3to0m4aRG95D/WvP7BQjOIce4R/OiijlQnM0YPw7GRuF+GRSV+GcZxJj2iiijkQc7MP7sv4Tr/AONPnDejaLDcIvEEVzJB4tbMoPxBG/zooo5UDm30Jzd8I8JavbRpoXEA04DrBdSSAfvt8s0zp2Vai04axaw1iFdytteoSw9hGaKKa0hFNoVw8D3EbGO6tLrSVHQyRNIvzWOsLvs20+4QGXibTVUZOI4AGHt9IGiihxSRIskm+WxLH2bcPIf+o4nfb/stc/8A6qR8N6DwfoUqyJe3FzcLuHazQn4cxNFFQORqYtNHe/4/8JhBqHDIOViv5G/TaQD/APBrt3AskMvCtg9qk0cJDcqzABx6Z6gAD9qKKaJqI8qH6iiigqhRRRQB/9k=')
INSERT INTO author (id, name, last_name) VALUES (4, 'Cezary', 'Gutowski')
INSERT INTO author (id, name, last_name) VALUES (5, 'Aldona', 'Marciniak')
INSERT INTO book_author (book_id, author_id) VALUES (4, 4)
INSERT INTO book_author (book_id, author_id) VALUES (4, 5)

INSERT INTO book (id, title, isbn, description, category, pages, image) VALUES (5, 'Clean code', '104', N'O tym, ile problemów sprawia niedbale napisany kod, wie każdy programista. Nie wszyscy jednak wiedzą, jak napisać ten świetny, "czysty" kod i czym właściwie powinien się on charakteryzować. Co więcej - jak odróżnić dobry kod od złego?

Odpowiedź na te pytania oraz sposoby tworzenia czystego, czytelnego kodu znajdziesz właśnie w tej książce. Podręcznik jest obowiązkową pozycją dla każdego, kto chce poznać techniki rzetelnego i efektywnego programowania.', 'IT', 666, 'data:image/jpeg;base64,/9j/4AAQSkZJRgABAQAAAQABAAD/2wBDAAYEBQYFBAYGBQYHBwYIChAKCgkJChQODwwQFxQYGBcUFhYaHSUfGhsjHBYWICwgIyYnKSopGR8tMC0oMCUoKSj/2wBDAQcHBwoIChMKChMoGhYaKCgoKCgoKCgoKCgoKCgoKCgoKCgoKCgoKCgoKCgoKCgoKCgoKCgoKCgoKCgoKCgoKCj/wAARCADIAJcDASIAAhEBAxEB/8QAHQAAAQQDAQEAAAAAAAAAAAAABAADBQYBAgcICf/EAEwQAAEDAwICBAYNCgQGAwAAAAECAxEABAUGIRIxE0FRYQcUInGU0RUWIzJCU1V0gZGSsrMIJCUzNTZWYpOhFzRSZCZyc4KDhENGsf/EABkBAAIDAQAAAAAAAAAAAAAAAAADAQIEBf/EAC0RAAICAQIEAwgDAQAAAAAAAAABAhEDBBMSITFBBUKBFCIyUWFxkaFS0eHB/9oADAMBAAIRAxEAPwDz3nsxk053JAZK9AFy6ABcLAHlnvoD2ZynynfekL9dLPn9PZP507980Bv1Cr9iA/2Zysj9J33pC/XS9mcr8p33pC/XQANY98YSCT3UUgskfZnK/Kd96Qv10vZnKfKd96Qv11HcVIq81FIA85rKgj9J33pC/XRbGayCwAu/vfOLhfrqFCSoTGw66PtEAwZFOxRspN8iaZv8j8HI3p89wv10S1f5EHe+vP66/XUchMxG1GslQgHet+OCMOSckSLN/fqj8+u/6yvXU1YPX60jivbr+sr11F49ptxYnyTPVVnsbcDhAE119Np4vmzha3VuPJMcYXeCB43dH/yq9dOOLvOu7uY/6qvXV10npC6zJHQt+SOaqldSeD68xluXSnib64HKtDzYIy23VnJWXUSi8sU3H5nJLnx9ZVwXl2YE7Oq2H11EPHLKWpKbq9TwmDLqtv71cblkWzquNE7RFQmYvLQXVys49RZcXxNo6cgtDskDc95FZdTiabajyO1odTinji5TfFfNfQrb93lWkkJub7/mLy/N29tAOXWX4iBd38kgAdOrcnq51L5HIWLyFdFZ3Nu5wqCeC44gklRIO4mIMEdnfVdL7yDCXFgAzsY3mf8A9rk5IyfVI7+KWJdLJPSOSyY1XZocv7wiVgpU+o/AV30qG0kFHVdipRky4Se33NVKsGWPvGmEuXIhc+w/7O5OGXT+dO8kH/WaL0xlrjAvXixj1XAumCwtKwoDhJBPLzRR2a1VqFGayCEZ3KpQm5cSlIu1gABRgDeg/bXqL5fy3pbnrpPMsTLmq7NbaWzpRpSG+LowqCEz1wEDefojqneg06ii6bdawirVKWXGPzQ9GtIUQQpKuGQoQRJmQTyoH216i+X8t6W566z7a9RfL+W9Lc9dBNh2H1H7HY9dj7BqfYLi1BTijxpSsALTPD1hKd46u+n16oYCnwzpdhptxfElATsNlAgnhkjyhtsNuXZFe2vUXy/lvS3PXS9teo/l/LelueugLJK01G2ht9pzT4cadfL6WTIbbJRwkhITuZ33kDkAOdSDOobVbSUOaYtoSr4Kfg7+SJTt5x3zNV322ajn9v5b0tz11j216j+X8r6W566ZCaj2KyVj7LLkj3J37Bo5hhz4l37BqL9teo/4gy3pjnrpe2zUfVn8t6Y5660x1nD2M09NxKrLjimFkj3Nwf8AYateLZWHEyy59g1yM6s1Gf8A7Bl/THPXS9tmpP4gy/pjnrrdj8Y4I1wfs5Wo8D3/AD16Hu/wVJZ9gk8CClY99KYNWfUaW/Yl/pkynhPVXzp9tmpP4hzHprnrrHtr1J/EOY9Nc9dcnJk48ry/U6en0uzplgu6VXX/AA7jqVkm8dLbTnDxGISapeWbcCT7g5P/ACGqH7bNSfxBl/TXPXS9tmo/4gy3pjnrrrvxm48PB+zk6fwDZd8d+n+ktctuSfcnBP8AIajnmnJPuLv2D6qZ9teo/l/LemOeus+2vUfy/lvTHPXWGes4n0OvDS8KqyT0k24dU2PuTg3XzSfi1Uqf0bqfPvamsW3s5lHG1ccpXdLIPkKPKaVZZ5eJ3RpjGlRWM5vncl86d++aCPOjc4ZzuSH+6d++aDilljFKaxzrtHg48HWmmNBL114SLm5Rh1OdFaWduYU+ZIkkbmSDAEciSaG6A4xSrummLXwaao8KekrDS2DvG7N9b4v7e/USlcIlECT1gnn2VRtV6Ovcn4WdSYHSGJceFvfPIatrdOzTaVRuTyHnqLAolKp7LaO1Fic8zhchiLtnKvkBm2KZU7PLhjY/RRmpvB5q3TGOTfZ7BXdnZqIHTKAUlJPIKgmPpqbAqtKrfjfBprLJ+Jmw0/evJvGBcsrAHCps8lTMDmOdVrKY68xGRuLDKWztreMK4HWXU8KknvFAAtKu16E8HulcV4PmdceEx66FleL4LGwtyUrdG8HbczBIGwjc86qGvRpDN5TFW/gzxGTZde4kO270rWtc+SEiT38qAKHSq0an8H+q9LWLd5n8JdWVqshIeWAUgnkCQTB89EaR8H+p8/bM5TH4G7usSl5IceSnyVJChxQOahzmKLAp43NIiuwflE6Ps8X4UMfhdIYgM+M2DKkWtqgkrcUpYkDt2H1VQdWaH1NpFph3UWIubFp/Zta4KSeyQTv3UWBXaVKlQBOaI/euw87n4aqVLRH712Hnc/DVSqGCAs5+28l86d++aD37KOzY/TuRPZcu/fNBggGKkDUgnavSFzhLvwi/kx6btNMJ8ZyODuPzi0QfKVwhYIjthQV3715x4gamdManzumLxdxpzJ3Vi84IX0Ctljq4k8jQwOieBDTWb094Z9J+zuLu8f4wp4tC4QUFfC2ZgHziuzaPYsHf8XoTkF3i8y4m4GLP530U+SEdf+r+9ebMl4RtYZDMWOTvs7dqv7Di8WcISCyVCFQIjcUFjdY6jxufus5YZe7t8ndKJuLlBALpJk8QiD9VRQWd9z6bPW2ovB1puxTqjEXlm88tGRyzPR3KmUI4jwqVupUgAGKs+Xatv8K/CTjmbDUCLeybcb8YzT63TcrSN1t8R2TIB22OxrzLldd6szmVsslkMzeXF9jyXLd1MAscpI4RsOUzRGT8J2s8szds3+o7x63um+geaPCELRHKI25ncUUFna9YamzGA8HngZawt+9ZoukMB8NGOkAQ2IV2jyjtVD/KyZQnwtrUhICnMewpZHWfKEn6APqrnV/qbO5C0xFre5F922xQHiCFgQwBAHDt/KOc8qZ1HnsrqPIC/wA/fO3t50YbDzoAJQJgbAbbmpSIs7vqrB3vhJ/J90U/pNo3l1hEhi6s0Hy5SgIVA6yOEEDrCqA/Jl01faf8Jbvtjxb2PyL2NdVjk3aOBSlBQCykHrifomuQ6a1PqHSV06vBZK8xrq4DiEGArs4kkR/anc1rrU+by9lk8nm7p6/sjNs8CEKZP8sARRTJs73oxWoz4OPCl/iN46bDhd6P2Q4v1kK/V8XVPBEbTEUdrdOrRpzwYJ8HIvfYnomelNjPDMIjpI+DHFM7c689ao19qrVdmiyz2au721RC+hMBJI+EoJAn6axhNeauxeDXhMPm79jHrCvcGjPCDJVwnmkcyY7zUUSes3EWivykrk3G98NNJ8WiOKekWFcPfFcw8KWYxlp4J85glY3WZceu23WrrOMqKG3uMEhLh6iArYTzNcNvtX6hv85aZm6zN05lbRCW2LoKCXG0iYAI85+ujNT+EPVmqMaLDP5y4vLMKC+hXwhJI5EwBvRQFSUa1rbciQkkDmYrTsqSCe0R+9eP87n4aqVLQ/71WHnc/DVSqGCBM1+28l85d++al8RnLG00tksQ5auLXkJU88PglAHQhInqUVlU9u1RGa/bmS+cu/fNCJAJqwHQLHV+DVbsWuXxbrtu14sohDaVdKptgtHjBUJmTBBEAz1RTWL1Np60eZc9iHGX2Gglt5pltSiQlAMgqAkkLPHzEjYztSG2+NccSU96uVbJTykGpUbKuRf73VGmLx5b9xiX3n1oSVOLYbkkJALRhWwJE9L74cuGmMnqTTz2FyOPssW+yLlSXGnOiQgMLSFhI4Qo8UBYRxGCQSqARBpaUFUTy7T1U4lueqrKBR5C1X+ocOdPXdhiLB20dvGGmnl9GgcISpCijiBlYlKjxGCSoAjaal29Qacyy1+O2ItE2bAYty4hLpWwgEIbgnZZkEqTy4dhBJFDTbzGxrYMSeVTtlXlLNn9R4fKYm5YbxyheniS09cN8akpU6pcBYXKSAo7wqZM9tHO6rwdw81cZC3vb+8ZbQkuvW6AHOEEBCUlxQZSk8KpSSFcMcKZqmm37q16DyoijbI3S2uaowN66H8thl3L/l8RDaEE8TzilKKgZUejWInkpA5im/Z7SyGrQIwSnFAo8YLjCB5MgrAIVvvMGEnh2PbVTUzCoAmtFNmRUOBbdssVrn7Fk5Vtpy9xrFw+Hk+IM8AfbAILLiS5KUHnspQEnY7VIWur8Dj7Z1ePxS2r18OJdIYbCQhTgPADO6eBIERzncg1SVNRG21Ju3cfc6NptS1wVQOwCSfqFRwl1kRb16k00lba0YZL7vGvjKrRtCSgqUQOHjPlbjcQIAAHWdVah0uizlnCFV7xKWelYbKEKJ6jxbpjkkjYzueQpJT3VhQI3qpZMvZ1Vp1q0Nrb4l3oXkw8jokJAUEuBsp8oniBWglU7wYA5GM1nlcFfWjIxVurxpwpdccLIQWzB4klfESskkTIAEbTVUI7a3ZZbW0+px9ttTaQpKFAy4ZiBHI9e/ZUEkpob96rD/v/AA1Uqd0G2XtVWMFtAQlcyqOLyFdvXvSqGgAc0ZzeSH+5d++aHSIIorMic1kfnTv3zTCRMVdIXNmyEggqmCDt304lGwrZtM9RoxloTB3p0Y2IlOhpttU7UYm3giN9uYoi3t9piaPYtSoARt1T1UxQMs8tALTJSDHwhvTqLWYgVM29ooTHwhHLqo1mw3Eonf66bHGIeoK2qznqgdtaKtDEEVcre2Xb3KLhgBLja+NHEAoA9Wx2NMPY8qWo8O5MzEc6ttMp7SU5VtvAFMrtyPg1a3bD+UUGuy8rkB59qo8YxZysLYMGhXWSRuJFWJ61idjQZZaClC46QI4THAATxRtz6p50qUDTDLZAqRsRFNqR3bVIOsqBJgkUItJAI6jvFKaNMZAqk91NqT1USpJSd6bKSInrEiltD0yV0P8AvXYedz8NVKt9FD/iuwKpJ8vf/wAaqVUZdA2Z/beR+cu/fNaNoPCFHlNOZj9t5H5y7981tYoSt4BagkRzNMUlHqIlFydIfYZ4hUrbWyoGx2EbVP6cxmMf4A+8RO/ZNdFwmkcNdNpKHgT2FQpkc+O6bJfhuokr5fk5nZ2czxEjbbyZk1K29kZEJ281dURojHMI4lEgDrp1GnMWlXCl48XmrXjlGXM5Wp0eWHKUkvU55a44gDyedStviyQPJ5d1Xq207aADheP1VIM6fZAHC4PqrSpxXI50sE/mvyUNGKJT72tHcQf9JrqDOASQIWg1l7TsplME91W3Ii9qfyOP3OLIB8moe7xxEyP7V1+9wDgn3M1XMjg3QFe5n6qj3WChkXY5Xc2UE7QRUPdWscUDauj3+JWCols7doqt39gpIVKCPopM0jVim+5SH0KQlaASArmO2Ki32wJq0X1qRzHKoS6Z57bVklE6WKZEKG8HqplQ2NGPJJV70DuHVQq9jypMjZCRK6Lj21WEfz/hqpVnRYjVVj51/hqpUlj0CZnbN5D5y798000oSK3zKv03kB/uXfvmmUdUmmRETRM2NwpBBSoiO+rTiszcse9fWD29dUm2cAUJ3HcYqRtXuEiTUvFjn8SE7+XH8EmjqmJ1bkWkiLhRA5A7/wBqsljqm4XHTsNLV/KAk1yOyuykCDU/YXxEHcT1imw0cPI3H7My5tfma99KX3VnXMfqIKPlWix1nhWDFTtnqC3KRxIcSRzlINcnsMlwxKudWCyynBA4wduo7Vo9ly+XK/VJmB6vG+bxpfa0dQtcxZGJXw9UlJFGLydm4BwrbB89c9tssmIIT9Qp9eSYcT5TSDHdS3p9UnylF+j/ALLLU4Wvha9f8Li7csLGzqfoWKCuFnchc/RNUy4ureCAkAc9iajHr5KPeLWnvCzU8GqXWMX6v+iVmwXalJfj+y6PgL9/aJX9EGgHsNY3oUF2q257pAqjvZd5CiEXdwP/ACVHXWo71ExfPz3qmlz3+0P2dPTZ9On72RtfWJaczoO1W2ooVw9Y3ia57m9F+LpWpLnD2SKcutV5BM/nz5nbmKr2R1BeXBUldwtfXuaXF5/NH9nQeTQy6X+CDymGuLVRMg96TFV11JBUOVTd7kHXmV8b5mYCe0VBOmQd5qr4vMUm8La2r9SX0Ugq1VYwCY4zt/01Uq10X+9Vh51/hqpUpl0AZlRGdyW5ANy7MdflmhkHYSaezaozuS6/zl375oXdOx5g1YpKNhvCttLalpIC08SSesTFFMujh3ni8+0VHJJE042qTExV4yM84E7bXAETUraXpEb7VVmXiImj7Z8cSeJUDrIExWiM6MuTFZcrS+gAlVS1vkimPK37KorV2EqMKkdRotm+AI3/ALVqjkMOTTJl/ZykDZVEIysfCiqE3kCDHFHmNPoySuEgK2PMdtM3RPszTLk7lDB8qo+5yRJmRFVx3IEiSqh3L3bc/wB6o8xdaUmLm+Kp3qJursqJINAO3Y8raZEDflQT9xKVAn+9Jlks048FD1zcTO9Rtw7PXJrR96ZiAO6hHlk0lzNsICeVxHq+ihl9dEBtx1HkgqCJPmoVzyZB50iUrNMEiX0WQdU48BJBHSSZmfc1fVSrXRUe2ux87n4aqVKY9EbnpTnslIj86d++aFk+fz0Vnd89k5J/zTv3zQaSSYPKpAd4t9qcQoxz3ppHfW3eKkq42PIV1g08h4ncf2oZbTrbKHFoIbXyPbSU8pawokTEcoqVIpLFQcm4V270+1dqAidjzqLDkU6blxaG0rWpaGxwoST70TMDummKYt4SUTeEAeVWybwgxNQ/SzvW3Sd9WWQrsImPHpjiO3dTaronr3qLLvLlWOlPXUbnzLbKoPcuO/emi8pwKCQTAKjHUBQSna14p66q5/IlYh9Tpgb02XJ3imlEiteJQFU4mNUEi56D1a3pld6XbC2vBcMqah5E8MjnVSun23XnXAnhKlSkDkKGBMHsNaK51DfII41FtruTuiDOrbCO1z8NVKsaGP8AxXYR/P8AhqpVVjADOj9O5I/7p375oQR20ZnP25kvnTv3zQMCpIN+unJ8mmgeo1mgByI2B2rIEU2gyDyrYGORoA3EhKhtChB2pAbVrJpTUgZg9ppQe2sSe2sg7UAKD20o3mteI9ZrPGKAMkTSArXiJ5VieuYqAMjn1bdtYNY+kVjcDmKAMEnYTt1VrWCTNbHnQBN6GEarsPO5+GqlWdD/AL12Hnc/DVSqGCA8604M5kvc3P8ANO/AP+s0D0TkfqnPsGrDnNWajbzeRQ3n8qhCblwJSm7WAAFHbnWLHN6yv7Z5+0zOaebZKUr4LtwkFQJAiexJ+qpAr/QuHmy79g1no3QP1Tn2DVkVkddpUEqvdSAntde7+/uNbi912Ug+P6gBKFOBJuHQopTwyYmYHGn66AKz0Lg/+Jz7BrPRudTTn2DViYyeuLgAsZHUDu5TCH3VEEcwRO1bNZHXDjrTRymdbU4CpHS3LiAoDnBJA6x9YoArfRufFOfZNIoc+Ld+wasTeV1u80hbOVzjoUJAbunFECYkgGRuDz7DSuMjrq3bcW7kdQBDaeJa/GHeFI25mYHMUAVwNu/FOfYNLo3finPsGpu31fqJSZOfy0/PHPXR7Op9QFIKs9lQPnbnrp8cHF3FyyKJVejd+KX9k+qs8DnxTn2TVzTqzPDZGbykdvja/XTreqc9O+cyZ/8AaX66atI33FPUV2KKUu9TTn2TSKHBzbX9k10RGq86IPs1ko+dL9dWtpzV4dtB7J3ihctpcSfGlwEqEgmTyjckSBvTPYV3mkJetfaFnD+Fz4tf2TWC26T+qc+ya7a9dayXwEXeRbQvZK13ZSk8+RKt5jbtqFczOolXFhbjPXfjF4UBDXjbkoC44SrqAIIPXtRLRJdJoIayUubgzlobc62nPsml0Tk7NOfYNdWuxrW3c4VZLJqPRB5XBeqhtPl++JIj9Wo+aovL3uscbbqfuctlEshfCVpvlEcXZsrfmNxtvzpD06/kaVlb7Fa0O077a7D3NyPdPgn4tVKp3SeqM+9qazbdzeTcbUVyhd0sg+Qo8ppUieOn1Gxlasrefw2TVnciRjb4pNy6QRbrII4z3VpjmdQ43i8StcmzxEKISwuJAIB5dUmlSqllqDUXur0ApT7McKvfJ6JcKjlIjesIu9VpuEPlrJreTxQtduoncgmdt5IH1UqVFhRobnVZZdZDWUDTzhdcSGFeUokkk7dpNbKutWLeS6tvKrdTMKUwsncR1jsA+qlSosKFZ3WqrT9TbZBKROxtSRvM/B/mV9Z7a1ubjVdy2W30ZdxG/kqZWZnY9XefrpUqLCgG2xORZ3VjL9Sj1eLrgf2olOPyhMnHXo/9dfqpUq0Y8j6C5QXUfRjsj14+9/oL9VPJx2Rn/IXv9BfqpUq0xmxEoIfRj8hwmbC8/oL9VS1vfajZSEtjJJEgj3FWxEDbbsAHfG9KlTNx9xTxrqZuLzUTrjS3E5FSmzKSWVbQSR1chJ25CaDcXnC3bo8WvSLeOhPixlEGQAYmAeQnalSqHNkxgqNn8hqd22cYX7KKaWFBSS0s8Ugg9XXJqMyDmo71lTV0zknWyZ4FMrjq6o7h9VKlSZyHwiOaMxeSGqbFSsfepSOOSphYA9zV3UqVKsUpNs0JUj//2Q==')
INSERT INTO author (id,name,last_name) VALUES (11,'Robert Cecil','Martin')
INSERT INTO book_author (book_id, author_id) VALUES (5, 11)

INSERT INTO book (id, title, isbn, description, category, pages, image) VALUES (6, N'Tatuażysta z Auschwitz', '105', N'Tatuażysta z Auschwitz
Morris Heather

Obozy koncentracyjne, jakie hitlerowskie Niemcy utworzyły na terenie naszego kraju, były miejscem eksterminacji tysięcy Żydów. Jak wielu ludzi straciło życie w komorach gazowych, zmarło z głodu i wycieńczenia, nikt nie jest w stanie tak naprawdę oszacować. Jednym z największych obozów było Auschwitz – Oświęcim. Morris Heather przedstawia w swojej książce obozową rzeczywistość z perspektywy Lalego Sokołowa. Kim był tytułowy „Tatuażysta z Auschwitz”?
Prawdziwa historia

W książce „Tatuażysta z Auschwitz” Heather Morris opowiada historię Lalego Sokołowa, który w obozie koncentracyjnym zajmował się tatuowaniem numerów na ramionach więźniów. Przez ponad 50 lat mężczyzna ten milczał na temat tego, co widział, czego doświadczył i co wolałby raz na zawsze zapomnieć.

Wtajemniczył on autorkę w swoje losy od chwili, gdy, mając zaledwie 26 lat, w 1942 roku trafił do Auschwitz. Wiedział, że będzie tatuować numery przybywającym do obozu więźniom i tym samym naznaczać ich na całe życie. Jego obowiązki sprawiły, że pomimo osadzenia mógł przemieszczać się po całym Auschwitz.

Cichy bohater

Po lekturze „Tatuażysty z Auschwitz” dowiesz się jeszcze więcej o obozie koncentracyjnym w Oświęcimiu i o tym, jak wyglądało w nim życie. Możesz odnieść słuszne wrażenie, że bohater maksymalnie wykorzystał swobodę, jaką dawało mu jego zajęcie. Pomagał innym osadzonym, wykazując się odwagą i hartem ducha.

Książka Heather Morris napawa otuchą, że nawet w tak tragicznych okolicznościach, jakie panowały w obozie, więźniowie mogli poczuć porywy serca i po prostu się zakochać. Tak też i było z Lalem, który zakochał się we współwięźniarce, Gitcie. Jak potoczyły się ich losy? Czy przetrwali piekło, jakie zgotowali im i tysiącom innych ludzi naziści? O tym przekonasz się po lekturze tego dzieła!', 'Dramat', 320, 'data:image/jpeg;base64,/9j/4AAQSkZJRgABAQAAAQABAAD/2wBDAAYEBQYFBAYGBQYHBwYIChAKCgkJChQODwwQFxQYGBcUFhYaHSUfGhsjHBYWICwgIyYnKSopGR8tMC0oMCUoKSj/2wBDAQcHBwoIChMKChMoGhYaKCgoKCgoKCgoKCgoKCgoKCgoKCgoKCgoKCgoKCgoKCgoKCgoKCgoKCgoKCgoKCgoKCj/wAARCADIAMgDASIAAhEBAxEB/8QAHAAAAgMBAQEBAAAAAAAAAAAAAAYEBQcDCAIB/8QATxAAAQMDAgMDCAUHCAYLAAAAAQACAwQFEQYSByExE0FRFCJhcYGxssEjMkKRoQgVFjNScnMkJjQ2Q1OS0RdigqLC4Sc1RlRjZnWjs/Dx/8QAGgEAAgMBAQAAAAAAAAAAAAAAAAMCBAUGAf/EADARAAIBAwIDBwIHAQEAAAAAAAABAgMEESExBRJxEyIyM0FRYSOhUoGRscHw8eE0/9oADAMBAAIRAxEAPwD1ShCEACEIQB5040NJ1xWu5cooyP8ACkGMvAHTonzjVM5uuaxgPmmKP4Uiwy+aCe5V5bs5248yXUI2Oma4buWc8lRXJuKhwJ6K6ju1IaZ0vbN2bXPBx3DGfuyFR19VCZJH7x5n1uXRQw87Gjb+Wisqhhg9ahKZVzxPYA1wJyB07yMj8FDGHNDm9DzCbHONSNXxHSDHaBWEIBUCnb9IMhWMLeq8kNobM1XiCd+j7YW8zuj+Apc0DDsvVK4jnl3wlNmpm+UaMtLuoDYnf7ioNJMDLtT+s+4qtSfcZU4i+5g1GiJySAM+JThbIw6iiLnfZSfRfUznqU3Wx22iiJPLCp19inwfzpdCYBgDCpb3/S2/uD3lTaO5QVVQ+GMu3NzzI6+pQbwc1bSf2fmUqkmpGhxb/wAz6ogd5VpYhieTP7PzSxHXyvupgLAI8kdOfJNFg51EhPTb80+qsRMPh6xcw/voMNvH8rj9vuV0qi3/ANIZ6z7lbq5w/wAt9TsECEIV49BCEIAEIQgAQUIQB5r43nGvqv8AhRfCEixnAwnrjcAdf1ef7qL4UiNBHRIluc/ceZLqSaeBjoJMsZy9CqayNgecMbk9ThXTTmB2MBVNYMvPVKzqX7fy0UlXExrQQ0Dn4KFjmrOtb5vtVcRgpsXoLqvvH1CB2jcqwhHM+xQIeb2q1pm5OPUoz3G0PCzWri0nh/bMjmY4D/uJc02dtzgPfu+SbLqwDQFsI69lB8CT7IcXCn/fCr0tmVOI7I1GjP0IVrW3c223UwbEHmQEZJ5BL0MuGgZXS/RVEtBTVDS3sIWHdk88k/8A4kVI5xkqcJ0qyfwS7FdW01Q980QdvPVvIt9QV3dXZmjPiz5lI1C9z3sYwFzyeQHVNV/ndFTiWTAe2DJ59/NQUe+i/wAS1t2vlCvU1+bo6aEYDT/iT1p2YSZeOQcwEBZbA8ucAOZJ5BaTpjcGBrxhwjAI8OidXj3TJso4uIf30HGgcTVRju5+5XKoLY7NbFz8fcr9WLBYpvqdYgQhCunoIQhAAhCEACChBQB5q42kf6QawH+6i+EJHBTxxrGeIdZ/Ci+FI4GTgJEtzn7jzZdSTEcwPx4qvqBl5VlTsxTuz1yoczPO6ckn1L9v5aKarHmD1qrf9YhXFeMM9qqHDLymxFVvGfUDfpG4V3QR5OVVUbMytTFRs6qMxtB91mn3Q50DbwO6OH4UlWk/y+D+IPenCrO7QNL6GsH44SZasm4U4H940fikUdmVuIbI0SN4A6AlddR1eywU0YON8gB9Qyf8l+NoJO5w+9QtaMdTWq2hzgdznH7kuWG0U+Fv6kuhHsU+240xPQPHvVzxAqCymY1rgN2AR4jmUn2+YtcHA8wchXPFF0kVTQt6tMZdkdOqIx+ojRvVmjj5RTW6YiohI67xj71qNif9NJz+z81kFneZK6naOZL2+9a/Y6Z3bycx9X5qddd0yrZYuYDNaH5uEQ9fuKZks2iFzLhCSeXP3FMyfZruPqdRHYEIQrZIEIQgAQhCABBQgoA81camn/SLWEf3MXwpNp2ZaSnrjMQ3XtYT1MUfwpLjdtbjA5qvLc525f1JdSTSsb2bsjPPvUOsADyFMpnYjf61BrT5xISfU0Lfy0UdwHm+1VDj9IVb3Inbz8VUH9anQ2FVvGTqJv0rM+KYKQe5UFF+tYmKjAJ9ijPcZb+Fj+/zuHsZ8Mf/ACYSfZjm5U38VvvT5aKN1doyGmY0uc8nAHokJXC1acpaQh8rA+YHIyeQKr02llFXiU1BRyMLXDvUu52Klvdrg7d0jZYmO7NzXYwT4/cFXyysp4jJIQGhd6XUTTQMYKdzXFuA7kcKE4vRorcJ0qSz7FPpfTNLXSSdpUSmNjI3YZgElzckdEwavou2t01LHlzjTlrM9SRnCjaQpIKKad9OajDmgOa4DYAO8nxUXWV0hqAIqaaXtdvWI7fHqccwiCbqGhxDyNPdCFot26/0w8M+4rZ7E7E0n7vzWa6StcVPcO2aHbgw4559C0WxjM0nIfV+afWjlGTbSUruGBntrwa+IZGefuKYEtWljRcYSGgHn09RTKm2qxA6qOwIQhWSQIQhAAhCEACChCAPN/Gofz+qv4UfwpKZ1GSnnjQ3OvKr+FH8KRiAAdxA9qRLc52482XUk05zHIB4qDXeb06qTTvGx+D0VRdaxrcjv6JWNTRt19NFbdJeg9KqjJ9Ivqun3cz1yojCXOyU6KwiFWPeLihkHatTHQSDf7Es22mllmYGNPNaXpDQ09wcyete+Gk7z0LvQP8ANQqYW5KgtHgfdCAmyUrh9nf8RX2+aKIntZGMPg44VxDTUtntYio6d3ZRDzWs5+1Y3My5yauqbhUXFhtr2bW0u8+a7A546dxSKMOdtlPidPn5dds/wM92rnVc2Gn6Jpw0ePpVvp6glrWRtbtEbRlzvAJXje2SQMa9pcegytK0xRQ0lAyTtg+R7fOw4YCZVjiIvhqSqNfBJrw2gtMjIWBoI28vT3lIlxz5Q0cvq/Mpw1VWRMpo4xLGA52T5w7klzyw1FY1lPKyR+MEBwOF5RhqW+IP6TLywNAp3OBaXk8/Qmix7jO/p9X5qioI2U9MyPc3cOuD3q8sT2GaTDx9Xx9KdOGjMWxebmIyWok3CLPp9xTGlu1OH5xhGRk57/QUyKVFYidfDYEIQmkgQhCABCEIAEFCCgDzdxsm2a/q2tGSIoif8KxfXlsp3081y3v7cBrQ3Pm4zj5rXeO0mziBVjv7GL4Qsf1ZOX2aZpPe34gowyprBiNNV217kjStHDb6EVEL3l9REwvB6Dlnl96V6qodJqmSVpz9KWA+zCuqCqd+bIGM5BsTcnw81LEc8YjZMX5qPKN7m47uufemU4tyk2XoZwslpfbf/JX1j3He3Dcd3X/mrfTFmApmysDnvnYDjr9ylaoo3N01UyBjiGlm446ecAtQ0BZ6ek0pQ1YbvnlpQ7cfs5b0CjzvkXUqXlbs1+Zhgptul7VUk57S4Sx49TYz816L4+1BpuG1RBGQ01U8UAaPteduwP8ACvPrv6j2T/1Sf4IltP5Qdxp2T6RttdI2Khmr/KKmXmTGxha0nA59JHH2IqxzUh+ZZpPR9SdwUlqazhOaFhxLTzT05bjm0ElxBz3+cVktdouK2a/sFnpxO+Sd7ZpBIQfMDiT09DHFad+T3XwS1GsKGikbLSRV/lEE2CDIx5eAcHn0jafaqm3N/OvHa5Tt2lttptjTnOHFoB+JwXkE41Jle7qSgsrbD/jBH1LN+jHFry1jWxw11qlO/bta1zGOPtOY2/4l00/RS2f8mi8VkL5IqiueZi4HB2mRkeAfAtb+JXP8oWkc6zWqt3DdDM+LI5cnt5/CtMZpA3HhJBpYzMge6jjiMrW5AkaQ7PqLh+KlPCjFv3X2IcPalBS9Wsfp/plvDLQVKaez36F9U6scztNnIsyQR4elVvFHQFHZtT2Fva1AdeqwicF7Ts3PaDt5cvrHrlMGh2ar0LxMsWlLpeI6qhqqdzxBG4vjazEmANwBaQWHorbjwXO1foMktOaxuMDH9pGvYuXab6Mt1XiOUM1hstFonStRBTyyyUlM2Soc6UguxjJ6D0LOPyW7i8arvVJKDmspRUhx7yyTH/GfuT5xTrH0XD+9P3tBfAYen7ZDfcSs04S3Kgg4k6SZbp2P3200s4a0jbKQ95Bz15+Cny5g8mZwtt5nLXLPWFq/6wiHr9xTGlq0E/nCHOO/u9BTKkQWEb8NgQhCkTBCEIAEIQgAQUIKAPKP5QdSIeJFaCf7GL4Qsdvkz56CQAHGRy9oWq/lEsL+KdbnOBBDgf7AWdMizyDXH/ZQtHkyqmI1G/kjUzNlie/BLhByHp2qTT6RqanQVRdoqJxdCGu7TBy4F4GAO/kfwWmcO9Fmsb5Vc2PZTg+bEWkOf6/ALXqaGKCJscLGxxtGGtAwAEuVdweEvUfTalFMyLWFJGOA8LqSnc2WaKmfINpL3P3N3Z7+uUy6NY4aLtUZaQ/yNgweRztTfd3xilblzcb/AJFVTpomgbpGAek4RB5jj5MbiVTv8mPn7HmSlirqu32qxQ22rNXHXvk5xkZLwxoH3tOVtetLazUPG6wUNbReU2+no3OmbI3MbgQ8+/anm2TQurIiJGHn4+hMgki/bCnUqd5PBpWVbtoN4xqZBpC3Rab44ago6KjdS2yeha6IMaRG3DY3E/eH/ekTQGqY7Pqa+1dxt9dLUXSpBY6GIbWZe4nJJHLLh9y9MySNPJvP0pcDo8nm1TpS5s5XsJ4jVjTioyWcmcceopJtIUoiY+R3lbThoyfqu8FrFzu/5g0fJd5KeoqIaZjS6OBoc85cG8gfWq8uZ+0MJltFf2NDExsrNuD5rxlFRaJFfhVTL5PZP74MPtF6l11x005c7da7hTU1NSuikNTFt24Ep3EjIA88D1q849UNR+mOhAyJzw2sbnYCQPpGdfBbJDeBE/LWRHPUb8D7sKtvl0ZNVRuMTeTO+TPefQvYPMlhF+9qdlRctzJuPvlMeimU0cT3PqauNhDWl3mgOdnl6Wj70t6rsNNpPUuhbjZ6IQ9lUNFW6FhO4Ax5Jx4gvW1S1ZmZsLmBv7ICmWMt7aTOPq/NObwjGsKz7SFNaasZ7Oc3GH2+4pnSvZ9ouUOCM8/cU0KsdVDYEIQgmCEIQAIQhAAgoQUAeYON9tkreJ1WIo3Pe6KIAN/dC+tM6NhoGiorGtmqurWn6rP8ytD1jRxnXFXPsBkdHGN3f9Vc2U4xnohnJ39xLtZQXuZXYtYa0pdZWexXe0WqmbcJfsZe8Rj6zhtkIGAD1Hctw7Dn0WUaZpRePygayZw3R2e3BjSO57vH2SPW0yRshifI8hrGNLnHwASayXMsG5aLNGLxgxaz66qr1xEvWm5oqNtHRGQwSRtcJHljg0gkuIPU9AOihax1dX2XVT7ZTU9I+Btqmrt0jXF29jZCBycBjzB3Z680kaBkA1dpm9vdAai8V1c6VjHguYHYADh1HPcQrzimzHEmYf8AluqP/tzq3Gmk8IzbmmpXPe1yi4/TmvpOF9LqltJSOuEjywRbXCIHtHMzjOeg8eqctCVGqblT19Vraw26ijjjZLSGnLXGTIcXZ+kfjkG+HVZ3bNPXHUnAG10NlgFRWmR0jYt4aXBs784JIHT0rROGWr7lqSl1HZ77ao7dcLLEyKRsb9wdlrxg9eY2dxIOVGpHTRFuwUUppfiZScK9T6m1pWmtrbFbIdOYkYyph/WNeMYbgvJ7+Z24SlcOIFyp57uxlFb9tHeBb48xv5sLnjJ8763mj0ehaB+TLGHcLmk/98m/4Vgt/krG6j1DCyna6hOo9z593NrxJJtbj0gn7lOmlzNErqlGpy8yNmrb7NT8TLfpySnpzR1lGZ2P2u7QPG84znGMMPcq5/Ej/oruGoKWhpfKobmaCCOTfsc3IcC4BwOdhPQjmPYofGKeKway0veslrzT1UDnDu8zDfxkKza3wuprRSaWrJC43O426uY0dAySJ+fbiRn3Kbimitw6EUudeq/l/wDDc9T1Ulr1ro+zeSwFt2a7yl4fKC1zQM7MPwB16gpV15qLWVk1hFbYNO2fs6yV0Vuc/m6doPIkiXkeffhOHEuMDjVw5Hpm+SicZ2hvE7h9/Hf7woQ3RduUuzeVn/Ck1bd9ZWaxUlwisVrLY6Uy3AykEQvB6NxICRjwynfhbWzXjTNHdLtT0sVRURGQshaQ0N3HbjJJ5jB696W+O1xbScP6uFr8PqpI4APHJ3H8GlT9PvlhtFLb4h2cUFMyLA9AAU5+EyLNpuEuVJ5f7f8AR5sl1gk1lQUlNE05L9zx3eY4rS1j2habs9W0LvAv+By2FV2dHS2BCELwaCEIQAIQhAAgoQUAZZrF+NY1I/1GfCiHooXECbstaT88eYz4V1opw+Mc0zl0OLvl9efVmQ8Jtf2ig4iaifXQ1k1XfK9kNI+GNpYxm9wG4lwI6t6A9FufEuq/N/D7UNVgktoZQMcuZaW/NWVgIMMv73yVt3JFTDnnB0tpPtKMZJYPJ9x0pa9KaD4f6vp4ZWV0tdC6rdvcd7SHP5AnA5Mxy8VK431X5q17HWVEE7qeosc9Gx7G5HaPbK3v8C9pPoK9LX0jyRg/1/kVSZVmnJtZZk39yqVwtM4X7mbcPdQU+g+EVjud9pazsoy4OiiYDJ58ry04cRywQevevrgfcP0k1NxIvdDTVEdFcHxGDtWYJOJPN5EjPMZAJ6halbDmui9Z9yZWNaxuBgKNR4LXCpdpCU/dswD8mbVNHT0DtF1FJWxXiOWed5fG0RtAwC0nO7d6MLML20+Wap5f9qm/HMvZ7iMFKTyA4+tSpyy2w4lX7Dl0z/UY1+UfQPrLRp8QszM6sMLT+83p94C+uIGmoqXjHw5fTwMZRzRwwBrR3wyHr6mlg9i1uapjjaS4gKTFfGiiibDzOOqlOWEVeFVXJ9m/RP7tCLxSlbHxp4dyHowzkn7lRcaq/wAp4i6JdDn6OV+D7QtFqa19Q4mR+fQl69PzUs589nzKhTeqNG9qclJsyjjDdWxXLT8NcZZKVk/lM7GgEuDSAAAfRuHtWh6GvEF+oPzhRslZDJkAStAdydg8gT4L7LyTklTrO/EsnP7PzTZ7GVa1FKcIY1Q2aQaP0koztHV3d/qFacsy0g/Oo6Mel3wFaaqx0lLYEIQvBoIQhAAhCEACChBQBjHEvH6XVHIZ2M+FQLVUgYa7GQp3Ev8ArdUfw2fClqN5Y4EdVZitEcheLNafVmo6bkaYJOQ6hfGvK2e3aMvFZQyGGphp3PjeOe0+PPkqfSNcDFIHHvCs9X0c950ndLfR7TUVEDo2bnYGT4lVK0Xrg6PhHKoUufbKz+pn951NVVWm7bWfnmSnpqi9VEJqmsBxCN+wYI8AO7KkS3WpqNf1Vojq5IaY0TombQCWVGA/cMjuY4ehSb1p67UdqoX00FNNNBeaitEbpdrTG/ft54681WxafqYdUm9vc3yk17yfpOXkxi2jl+1kD2JNONXC33X6epa4pKxdWTbiu5LG3izmP2W709luc7febja9NU91rLxNITc2wySPY0BkTZnMd0He0c/wV/adR11RqDR0FdeZIIqy0R1MkYY0+UzkjkeXLIJPLHRUsFvnbZaChcYu2iuflThu5bO3dJ9+D0XW3xXK3XTT88MUEjKW1Mt9QTJjYQQSW8ufReShUTW+yLVhWtZUqjXLnmnjGFpjT0J3C3VVyudzusN2uZq4mRdo1jmsBhd2sjccgPstaeaVNSa1qaWpv1HBO4TMqYG0z+XmscG7hjHod/iUvR1prLNV1fbiENqY9z9j+e4SSEezD+voSze7BLW1VTUMEfambczJ6jEY/DY770RhWVJcuc/6e3c+Hyvm62OTCxtjKcX/AA0/gnT3m4VGsvJnVT/JNwZ2IAx+qc7OcZ6hQ7JfLi/Td5ldcHvkp4Ynxuw36MucQR0966ttdWNVeXfR+S5Dyd3nZ7NzcY9q6WnTVfDp+40wZDmshiAw77TXHOfYipGtn13l+2h5w+pYqKXdzy0/b8T5vzxv9yytNfVTPsDXVz5m1FRVRyPAbiRrN+08h6AeSi6eqTcqFk9RcpKqpLR2rC0N7F3PzeQCsLfZqqlksjRs7GgmqD9bnscHBntwRlRKeCtjulfV3GGGGSqLCGRv3gBrdvXA8Ey3jNTjzZ/qQnjM6ErWoqePRrGPxvT9HnT2RO7ID+0eptpbiWTD3fV8PSoJJIU20u+lk/dWhNaHIWfnRG/Rf9Z6Lzieb/gctWWTaJP86KL1v+By1lVWsHUUtgQhC8GghCEACEIQAIKEFAGK8TXY1fUD/wANnwpXD1fcVamGLWVSJHgOEcfLB/ZSfHcKd7dwkDRnHncirkPCjkrpPtp9WNdklLI3kHnuTLS3fs2+ceYSNaK+kDHtM8ec97lOZcqKQPInjywkOBdjCVNZZsWksUYl7qC+udTNDP2/kUsS3GaQnL8D0KPebjQ+TNIq4eb8frB1wVVsraQjnUR+sPCZTWEZd+uas2XtDKTWRkknn8lcTVLYmOe8gMHUlKVvrITcQ3tG7Rjad3XkVaXiqjjtdU9rnb2sJbyzz7lGe5b4fpTfU41N/wCyq9zYgRjbj7RCiQVTKmPtIycE94wlJ96rZAJNzS/P1i0A5B8PYFLs93pGWzfVztEoLnPGcd/gpQ0F36ckhn3elXVE4+Sx+GEpS3Wijp3zCUOa1u/DTzIV5brjSSUUTmzNxjxRPYhw9NTb+C7c7HLKp7u7+UM/d+ZXV1dTBr3GZuGjJO7oqi83GljjFS6UCJsW/Oe7mVGG5bvdaWD7LipdoeDK8g/Z+aqI6unkaHMnjcCMghwOQu1hrqX7VRECW5wXjxTJPQzbVfViaHoc/wA6KH1v+By1tY7oCaKXVND2UjH4Lx5pz9hy2JVJ7nT0fCCEIURoIQhAAhCEACChBQB5v44XB1FrareYnOYxkWSH4+z4YWZVN5dJS+UOo3dl2ga5wlHPPQdFovHO2Cr17Wu8tfFuiiPZhu4ZDevrWfNsLvJjGa9745HBxDYOh9WVbjnlRzlfk7WWfck09/dSQN7SglzNhzQ6QDDemRyPev2W/U0dQxz6eQuHMMc/JIz4gek/co9BZ45qnbW1lYxsADRmBu3aDnlgnHXwUyot9tgZJJFHdZG4z27QwB2PDI9Ki9y7RXcRBq7/AEcz3NbT88hw+k83B9i4x32jiD3iF2Afql/T8F8y6bttZQQVtHWVVPG5xGyZodk559MeC+2aWEga+Otc8EAOI6HHTH3c16s+hVuFT5+8ybT6nhgmhkbSyOye53TPsUyr1lFU0k0McLgZI3NBDsjmOp5Km/RCebLIqoNkcTtLiSB3nOOvoXV2iKyKIRmupi9xJBcCDyXks+o61UeV8pcO0y2S2tkfdXduGbx5g2+OMZz+KVLZM51K4NiLz+sd54AHL1J0eyJtN2L5YvKA0NAjl3Hpjpjp60qUdkiYxzW3DMg8x+G+bgDHcc9UI8uWsLJIdWA0Zd2RY2Uuwd2QefMdPHuU2KvhZRU4bT1O13mjs3huSSAR0XR9oZLSMEVYOWCHHGM95XWl01UyOp8zOfDGe0G8YAIPT2+pEhVq05PAVkjLVQZrqS4R05aGueXteAOgBI95VBdaqGb+jvf2cjOTcgjl3YPJPN6tU9zts0MsopzKGtEbiHNBD856DrhK1y0lH2sMDa6EdozGMYJ6jl4rxFmvhQyynZc6OKLbmYYHMBwaXDPQH/JfVkulNEzmZcndyD28xz5HPrP3rjX2yko7h2MtZHUBrXARNbuLT0Oe7w5ZXPTljorhPGxtdFHVNIbsmhODgg/8l62xNGMcpo1ngteaafXdoghjl3Sdo0lxHIiJxOR6cL02vOPCfSYt2vLVVeUMPZySvDGswOcTxjry6r0ckz3NegsRBCEKA4EIQgAQhCABBQhAHnbjHsbrysJc/Jij6OP7KRpJGyMdHveeWDz6hCFeh4Uczcr6supWQWSw9jO2ellEjfOc4F2459Pevux2JtJXzMt1w/kjgdkT3biD05jvHpQhKa1NGi32aySpLFVQtzUVUckW8bWMYGtAx0xzPj3rp2kNvaQxri53Pa3mT6UIUo6IoXOtXBCg1FNNKBboO1macbGkOx63ZDR7Tn0KZJNG2ldVX6tbGACNrDkAn7Id1J5Dk3HTvQhQk8l23gorCKa0ztkkfb7gyekYG7nQlxMkm4Dzy4HkPn18FFp3Vthe98NMysojz7Rg88DHeOo9yEIiRut4x9GW9rvlDcnM2PiD3dwJa88kzwUuYI3UdTJEO9hyWk/gfxQhDeUQowUKrS9iPVturJg/BniHLax4OOfXB2n/AHiqK9SQRVVPLLAYHRgbWiQxnr4PAH4oQhD667hXimgfO6pdI5jntA7N0YIPrc1pGP8A7lc6OyGrrKeSnnjquzd9I2B4BZlwzgZyBzOfUhC9ZWo55kbxw3iEOprZHuc7YHjLnEn9W7vK2tCEme5s0fCCEIUBoIQhAH//2Q==')
INSERT INTO author (id, name, last_name) VALUES (6, 'Heather', 'Morris')
INSERT INTO book_author (book_id, author_id) VALUES (6, 6)

INSERT INTO book (id, title, isbn, description, category, pages, image) VALUES (7, N'Slepnac od swiatel', '106', N'Zawsze chodzi wyłącznie o pieniądze. O nic innego. Ktoś może powiedzieć ci, że to niska pobudka. To nieprawda - oświadcza bohater powieści Jakuba Żulczyka. Ten młody człowiek przyjechał z Olsztyna do Warszawy, gdzie prawie skończył ASP. By uniknąć powielania egzystencjalnych schematów swoich rówieśników – przyszłych meneli, ludzi mogących w najlepszym razie otrzeć się o warstwy klasy średniej, niepoprawnych idealistów – dokonał życiowego wyboru według własnych upodobań: Zawsze lubiłem ważyć i liczyć.

Waży więc narkotyki i liczy pieniądze jako handlarz kokainy. W dzień śpi, w nocy odbywa samochodowy rajd po mieście, rozprowadzając towar, ale także bezwzględnie i brutalnie ściągając od dłużników pieniądze, przy pomocy odpowiednich ludzi.

Jakub Żulczyk w poruszający sposób ukazuje współczesną rzeczywistość, zdeformowaną do tego stopnia, że handlarz narkotyków staje się równie niezbędny jak strażak czy lekarz; jest nocnym dostawcą paliwa dla tych, którzy chcą – albo muszą – utrzymać się na powierzchni.', 'Sci-FI', 520, 'data:image/jpeg;base64,/9j/4AAQSkZJRgABAQAAAQABAAD/2wBDAAYEBQYFBAYGBQYHBwYIChAKCgkJChQODwwQFxQYGBcUFhYaHSUfGhsjHBYWICwgIyYnKSopGR8tMC0oMCUoKSj/2wBDAQcHBwoIChMKChMoGhYaKCgoKCgoKCgoKCgoKCgoKCgoKCgoKCgoKCgoKCgoKCgoKCgoKCgoKCgoKCgoKCgoKCj/wAARCADIAMgDASIAAhEBAxEB/8QAHAAAAQUBAQEAAAAAAAAAAAAAAAQFBgcIAwIB/8QASRAAAQMCAwQECwUDCgcBAAAAAQACAwQRBRIhBjFBUQgTImEHFDI2cXR1gZGysxUjodHwJLHBJjM1UlRiZILh8UJDY2VykqPS/8QAGQEBAAMBAQAAAAAAAAAAAAAAAAEDBAIF/8QAJREAAwACAgICAgIDAAAAAAAAAAECAxEhMRIyBEETIgVhM1Fx/9oADAMBAAIRAxEAPwDVKEIQAhCEBQXTH8xcF9pD6T1kU7lrnpj+YuC+0h9J6yJKbMKtnohiZ57RsvANzoh+5eBc2A0XBJ6kNmiy+Rxl1jfTkujKR8gBBAb3pdFTZWhuvpupSbOW9CezAzskA965dTK43F0rnj6kguaByJXqKklmALbuB1FuClr6GxJFNJFK0Pc4Nv5TTuTo2tezMySziDvA8r9for19mXy9Yw3T1Q4S0NvbM0qHLCexpbHFWaiPqzytouwpc0pfkFuCkUOHMY3yPivT6Frh5Fwq+UWqNkGniMckgI42v8UldA4WOvepriOHA07w1ml82nEpmmpXCKQtAc6OxPeuppPhnFJyNDY7agL6x1wlzYcjXF9wCARom+2WR7eAJCsXHRCZrXoam+y+0PrjPkWhlnfoZ+a+0XrjPkWiFxXZIIQhcgEIQgBCEIAQhCAoHpj+YuC+0h9J6yFUfza170x/MXBfaQ+k9ZDmF4yrJ9SBE7yLniukUZLgeAXgHsC6W07b2FlCWw2K6SAPLSRe3BPMUAc2xDbbrLjQxAR3tu1T/QQZ4muDT3grTEbMmSxsqcIbVxtHas3lyTrh2ENjhay2m/U6hP1PRFtM1zQGm2pslviwabAg6BWfi09nKy7WkMv2XHpcEgDklLaUBvIJ3ZFYEWuvoivvHcqrk0Y3wNLKPM6w3pYzDnBwOW6fsKoWvf2mg9ymVLgQMYe9gPussOXJ4noY42Vq/A3GLVhIOo0UfOFCDEaoOaMshG8XtoNyvJ+FAMBc3foNFFtqMCEdM6ZrbPzNII36FY/zcl1YU0UdtFTujkLYWdkNDWnn+r/go3Iwtecw1OqsfHqaNwtaxPH9en8FFJ6O7jaxWuM6aMv4TSnQy819ovXGfItEKgeiFD1Oze0Ata9Wz5Ffys3vkqa09AhCEIBCEIAQhCAEIQgKB6Y/mLgvtIfSesjOFwVrrpjC+wuC+0h9J6yNa5DTxVsdEMb2sLpQ1qdKFt3gWvbikQjMFXlve40KdKIDNf4pKOLfA/UWRnlEADee5PlHJC3MM44EkC+Ud6YqakNZTSMJy3ba6eNmMKkaJj11y05HN3F3oPxWmXW0kjN4xp1T6JRTBpa3K4Oa4b9bJS1mrQ7Ubt6+ZWQQsDGu00y8l9Y+MW6whtrbitFS9GWKW+Do1oLdToV8hjLnBreJ01X1ha5xa2+vJSLZ/Do3TNc85ha4CzZeFs9HCtvQ9bLYSbNfKFO4aJro2gutz13LhglPE2NoFrc1JWQxPZ5YuN4XkZU+z05pLgYKimDjlbqBoLqObTUodT20AsQpxVQgXLdfQojtQ1wpyBvCwU9GmOTPm1l460x2sWJgEaeNqJevx2py3dZ2X4BIstiGnetOLorpaNEdFNuXZ7HPWmfIrzVJdFxuXAMb9aZ8iu1bp6MGT2YIQhdHAIQhACEIQAhCEBQfTF8xcF9pD6T1kbiO4rXPTF8xsF9pD6T1kc6FXR0QFbHlqISd97EpXTseAXRi9hchcKgmVpJOXQOB4XHBOOGjrAAN7he66S5Kq6FlJX9XHZwLLDcTousOPNpXvMAIc7V1iub6Ev0kJLefIrthTHU1FVUJpo3MnIzTbnMIO/vCuXl1socy1s+t2tnkcGh7W23E/wCidsPxw1clpI3NkItcG4KjxZT0sVY6anD5ZSSA42DSTckBdKBklO6KYD7kkCxN7G24dxRVW+WT+KfpFiYXOxmZzg6zhoLJ7ixtmG/fAtdZujb6pooIopo6YizdTcc0vxPC45aaWZ12tygNDRvPf3LB83K8dpHo/Ex+cbE1R4R8TzEQvZFEeI/NO2A+ESolkMck8srnDTLqffrqlezeAUJwWeKSlifUT5SyZrgHR5TcaneNNQOaW7K7G4fQUlRTVED6svYGQl7riG7s3Y4g3Pdx5qjJ4+G2y2XavxS4Jjg+N1dZQh8TY32NiGvuf90mxurkkppRMBo3d+acMA2QZhlO6o8YkErh2weI4A8z3lMe18jYIJy513Aak8V5d/6NsdlCVz2uxurcTYZ3bvSue+S6+VmUzF7Tdz3En4r4Dqt2Iro0h0X/AOgMb9aZ8iutUn0Xf6Axr1pnyK7Ftno8/J7MEIQpOAQhCAEIQgBCEICg+mL5jYL7SH0nrIx3rXPTF8xsF9pD6T1keyujoHSEZwWk6cjuKVUpMbQ4PsGGxtuTfmLTdpsUtwh+eV7HHyuJXa7K7X2TunphUQNeW3a7iBe6VwUUQsHxZ2nebaj9fxTDg9RJTPMcb3mI2IjJ1boSbd25SqhlbUUwlgkzjU6jjx94WqWqMdy5/wCDRiWG0+YiGEAWvmIv702TsdU1NPT0zTlBFrjUnddTSOEzRl8zGvIHZBGpPJcsLoGQfeOAMpPE6gXU1OkTjrXY7RxR09NRva4X6twIG/QDepIynZU4eyJw1IGvembGYTHgdBKLBxzhthrZxH696e8NLXU8L3Gw0Xi/yifmmez/ABrTxku2Rp3xRCKVmYcOzvU6pKWMa5QB3KN7KuEgDCeRCl2XI0ZeKyx+08l2Th6RxxANEZsNAFSXhOrCyGdjSL5Srcxmq6qEkuA96oXwj1ZaHyHtEuGh9Kpqd0WR+slcSt6phs4E31NlyY7RE8rpnlzhbuC5g2VsVoPk0v0WjfZ/G/WmfIruVHdFY32fxz1pnyK8Vuh7lHn5fdghCF2VghCEAIQhACEIQFB9MXzGwX2kPpPWSFrfpieY2C+0h9J6ySVdHQOT9y64a8CstfhquTyuMD+rq2uO69ijemRS4J9QvYeNw4WIKeMDhfRWjjPWQPJJA0Lb/vCjVDOetBaWhhaAD36dyfYZzHHcHeNLcVplrezHW0tD7JWjP1UFybXdyCc6Knkt2zdz7HRMmGdVBBIZH3leBmI1t3JhqJaqPExNQzVMLR5Q6wuYdbWsdP8AdW0+Ns4hb4RbGKRNFTQwTMDGMYHhxdwIvY8l5pamBo6kyN/ukFVziWP1skDYYZPvWtsbDtXtuCRYHiEsVQJJSXP5uN7DuWD5qWTo9L4FOFpl+bKYmaep6uU2cO/f3qd/azXQ3DhuVA0e0Ac5jyRdtrkHhy9KmVJtACxmSVrmObe53WXlqKhaPRpqnskmOVpka4uOgv6AqY2/qusGVu4uUuxXaBjoXta6/O/K6rTaSpM0zGl2a1yqlOuQ39DKvi+pPUziJup1XWPHVvSRLalbZproqH+T2OetM+RXkqC6Ij3P2d2gc43vWMt/6K/V6Ey4XizzrryptAhCF0cAhCEAIQhACEIQFCdMPzHwX2kPpPWSX7lrbpieY2C+0R9J6yM92iuj1JRycUneb3sdQvcz7acUnZq4rlvYY/4XWZ4BnIu06t4lSeKV76EAEZmusTe1hre6gFJL4tUNfrkOjh3KXYfUsEJY592jdYkfr9c1bFbM2SdMeKSobLOI+tDXgCzX3tf0fr8UoqZIKJgfPXRh75AAGHOdeY5d/BOODQ08tO0mFr2u/rakpdOzDIAc1HABa5yDLr+a0KVrlmfemR+BuG0zpqqeuh6kglpv2ibaaW05ppiqaV02aGqDgeAtce4qQMrsOLHRsomG4cQZCDY33DTvSKUxl5yxRNv2rNZu/X64KnLM64NeK9Pk8wTCWJwgc4lp33/ElPBxI02DxsLrPJLd+6xSSOpaYQwta2wN7N/V0w4pXB0rYA8uDbkOssdJbNU5eNCmqxh0bHEu9FzcpmGKSSyl7xcHcO5NdXUuqKkQtddrSlTWZQNFbiwTXsiPzVvgcHYgHMsG2KREmR93G6A1emtWmMcx0iu8tV2ah6Iots1j1v7Wz5FfioXojj+TePets+RX0s2X3ZC6BCEKskEIQgBCEIAQhCAoPpiAnYbBQN/2iPpPWQZpMosLF3Na66Zb+r2DwYjjiIH/AMnrHD3km91O30dJpL+z643RD5RC8hDTaTuKHIoyg3uDZPGAVQil6uoc3KwXaXck1NsTwv3Lp1fWDUG45c1bPHKOKXktFrbP5PG2nUMcLm5B1UvfT0s9KHSDPuLdOKqPZjGzDJ1Fa4XHkvO4nl/FT6gxeNsQzTABpDrg357ufALVDTRiuXL5Os2BU8cpIzCR7r33jTv4ae7VJahtOx2QxtD+LwdbcF3oMYhdPJncwx2Nw4cwTpp3e9MO0eIxPeXZuwbuJJ3N3C3f/oq7S1sth/Qgr5I4nklwykloa38L9yiOJVxEr443B7nadncFzxbFnTP6uA6f1uZ5pBGw6uOrt5JKzdmhL7HDC4c1RdxueJ5p3LEgwksa52uvDvTsBcLZiX6ld1pnAMuO9Aau+XVdGNabZh713rRKfkaU6JYts3jvrbPkV8KjOim3Ls9jljp40z5Feaw5fdlk9AhCFWdAhCEAIQhACEIQGeummbbA4J7TH0pFjneVsXpq+YOB+0x9KRY6G9SD21D9LHkgFD/JQCmJwNt2vNLINMpbodLHkk2B0767EKejYHZpZAzstuQCdTbuFypAMHy7PVmJNkJMFc2jDLb8zXnNf/KNO9WwyGIAyN7A5413ED0LtEyoY4Op6g6Wtc3tp+akUuzEMePVOFuqXERUYq8+T/otfu/zWTdUYc2HZ+ixFspzTSyRFgHk5A399z8FdwzhoZKmSuzMc6V2ZoYQdOO6/oSSpdWTGQzSPN9XXO/X/QJ/8Ujfgs9W57xUR1MMTRcZXNs8u07rD0XHNL8Y2dZh+I4rR+Ml7aCPPmLbZ7ysZY8vKv7lw4TZKIeymIIaPKP5ru2KzRyFrnvtZSiPB4Wz4RG50wFWwOe7JYNBfqW87AfFMtdTwjA5KxkjuubUdT1YGmUi4dfnoVDlStjsQ0xe+Y5AbN1Nk90tUHWa/R3PmuuOYCNnMZr8LZMZzDJlEhbbNpyTMxrxJoV3Dc6ZFJMkAN17FwvmFxlzAZeG5OTy2xGUH0hbox+U7ZRvxejQ/RSJOzuOX/tTPkV5qjuiqb7PY2bAftTN3/grxXl51rI0aY5QIQhVHQIQhACEIQAhCEBnjpq+YOB+0x9KRY6C2L01vMHA/aY+lIsdBSB2w/CnVWD4hX9ZExlLlFnyZSSTuAtqe5chhs7paSO7M1S0OZqbC5I107lKdi6mpZshtHTxOZHA9gc9xsS6w8kg876HgR3pZSBxxnY+Zw+6bHFHm7xK4kfiFKQIphGEV7sWlZQ1McVRT6iUPc3jbskC67YfT1M2FSTNny07cznMzHXLkubbr9sfBWJstircE2l2qxGrbUvELMzmuIdI77xtgTu5e5Jdj5aWPwQ45Tvt43nqDG4j/l/s2YfHJ8FK4ZBEAazqIao1Lz4xmpgc5zZdA4H+72v3rvi0E9BMKGoqGytGd4bG4lrSdHaHcdBdS/Faemd4HdkagW8agrpM4G+0r5NT7om/BJ/DWcSft9VHFXxEm4persSIM7sgNuNv4K5UQ0Mb8KrfsijmE48Vq6jK2LOQA6xaHEWt/wAJRjMddhWITMqqsyVEkPbe2RxzsNtCTYkW5q0WOv4G9gCXDTFmkEgcJ57/AIWUb8PLjLt5nc4h/ikDXnS98mv4rua2yNESxCmraalwefxsNknDuotMc0bbkjQatF/xTHW4fO17mSPGQvDnMDjxuPj2SrF2mNUzYjZGtqnMDY5hkhaQ4Ps1pztO8aaFv9YE8Ur8KWHfZ8LHDIWTzXFt9w6V37pAuX+z5HRB5oqipq5myvdJMwF7nuJJ0F733rzDhzpaVtY57MucsLRe9/hZWJs9QCp272igzMa11M6EOduu9zGj95TQZ5m+D6lp+uf1Ta+QCMnSwYw7vST8StET5PkqdaGvxCSGqNMJIy9rC82vYWBNt2/RJ2OudVZ9dC+bwmyRSiqLZaCZsYe5rswMTwAzkN9r8bqrLGN72PFnNJaRyIWmL+ivs0t0VfN/HR/imfIrxVG9FQ32exz1pnyK8l5XyP8AIzTHqCEIVJ2CEIQAhCEAIQhAZ46aptsDgftMfSkWPAOJWxOmp5g4H7TH0pFjsKQLqCsdBFNEA20osSRqljKp4dA4AZobZT77poAXeKRzRzXcshjv445rKmwaBOLOGvO+iQ0+ITQRSQNa3qpMw139rL/+Al1LhhqmwF1VGwS5B2tA3MXjX0ZPxCRy4e50Ze2aMhrM5F9f5sP/AI29xSmELXYvUSUDaIkCAGNwaL+UzNY+ntn4r1iWJSYlViomZG1xFrMHG17/AIr5h+EeMRwyuqo4w7qhlIubPcW3GutrXSnDMEjqiOsxCKCNpOd72khoEcrju3/zVu/MF0mDq3Hak4bSUVmdVTS52HW5NydfiVyxbEZcQqXVErWtdbLZtwNALL5U4VFBTQvGIQyPe+G7WtPZEjSbk/3S0gqWbNbHYbV7RYthmIYi18NJ4u+OphNmPEksQ3WOpa8gciRfiu/MjREa3EpamihpHNjDIHEgjedA259yVS4jPiEcLZrWjva3HcNfgrqoPBBsxVClmNRiLX5WF0PWi8+ZrScpLNA25Jy5tBwKRYd4MME+1K6mbU1tQwVIga1kjWuowYmSXls1wJu8tsco7DrlTNrYaK7osQlhqJqhoYZJS0u36WN14fO40whsMgeX+8gD+Cszavwc4Ngfg++16XEny1sYiIkLwYqouIBEeg3XuLE6A3A4VY03W/Fc0uCilpiqTEpPHvGhGwPLS1w1s64seKbHPJebDLde5CQ5eHgO9K5r+iUjTfRN83Md1v8AtTPkV7KhuiUf5OY8Dwq2fIr5XmZvdl09AhCFWdAhCEAIQhACEIQGeemprsDgftMfSesdhbD6aptsDgZ/7mPpSLHd76hSDo0ro3vXAOXoOspTB1d5KSu0cV3L9N64PNyjAuYewwjh+S9OBaHAgjUH8EliktHbkpbU7R4NUMb4xgDH1BkjMk7Zy0uY0NBYG2yi4bvtxXSZBHXEgyNvwuPgvbJnsOZkjm5tDY24j+KkEW0mCsFW2TZ6meydsDR2tYurjcx5abXu8uD/AEtF7jREWP4BFFkGAdYXxgPzyjR4I7TTl0FwSRxFhwJLYGiOrqOtZ9/Kcpu0l501O7luSyOrkja/LI8F+jrOtm9KZGTDOHDTjb4/mupn713N6IaH6GpeWMa57ixu5pOg9AS9r7gd6jMdVYAEpZT12lidy0Y8qXBw52Oz3a6rm59hdI5KxpN7pO+qud67rIgpNXdEc5tnMfP+LZ8ivtZ/6H0gfsxj9uFYz5FoBYMj3TLF0CEIXBIIQhACEIQAhCEBnjpreYOB+0x9KRY4QhSARcoQgC5QhCAAbL7mKEKAGYozFCEB9DyEZyhCAA9w4r02Z7dxQhSD2al9l8FQ9CE2wa66FMhk2V2jLuFbH9NaOQhQAQhCAEIQgP/Z')
INSERT INTO author (id, name, last_name) VALUES (7, 'Jakub', N'Żulczyk')
INSERT INTO book_author (book_id, author_id) VALUES (7, 7)

INSERT INTO book (id, title, isbn, description, category, pages, image) VALUES (8, 'Czapkins. Historia Tomka Mackiewicza', '107', N'Przez całe życie Tomek Mackiewicz, "Czapkins", niemożliwe zmieniał w realne. Kiedy wyznaczył sobie cel – jako pierwszy człowiek wejdzie zimą na wierzchołek Nanga Parbat (8125 m n.p.m.) – do wyścigu przystąpiły największe gwiazdy himalaizmu, ale Czapkins nie chciał się ścigać. I nie chciał być gwiazdą. Chciał zdobyć nieobliczalną Nagą Górę na własnych zasadach.

Dominik Szczepański, współautor bestsellerowej biografii Adama Bieleckiego "Spod zamarzniętych powiek", sam był świadkiem zmagań Tomka Mackiewicza z Nagą Górą podczas słynnej wyprawy w 2016 roku. Opisał je w książce "Nanga Parbat. Śnieg, kłamstwa i góra do wyzwolenia", której był współautorem.

Po śmierci Mackiewicza autor wyruszył w podróż wiodącą od Działoszyna, gdzie Tomek przeżywał pierwsze przygody, aż po bazę pod Nanga Parbat w Pakistanie. O Tomku opowiadają ojciec Witold, była żona Joanna Kondracka, przyjaciele z Polski i Irlandii.

Élisabeth Revol przywołała wspomnienia wspólnych wypraw i losy niezwykłego partnerstwa, które zaprowadziło ich na szczyt Nanga Parbat. Przebieg brawurowej akcji ratunkowej opisują m.in. uczestnicy zdarzeń: Adam Bielecki i Denis Urubko, którzy spod K2 ruszyli, by pomóc Tomkowi i Élisabeth. O Tomku opowiada również Anna Solska-Mackiewicz, dla której był największą miłością. Dzięki tym spotkaniom Dominik Szczepański stworzył wielowymiarowy portret człowieka, który stał się legendą, choć wcale tego nie pragnął.

"Tomek to niesamowita postać. Wyszedł z narkotyków, odnalazł życiową drogę w górach. Myślę o nim jako o świetnym wspinaczu. Tym wszystkim, którzy śmieją się ze stylu, w jakim działał Tomek, krytykują go jako himalaistę, chciałbym powiedzieć, że Tomasz Mackiewicz zdobył w lekkim stylu jeden z najtrudniejszych ośmiotysięczników. Dokonał tego częściowo nową drogą, i to w zimie. To sportowe osiągnięcie na skalę światową. Osiągając wymarzony cel, postawił jednocześnie pomnik ludzkiej niezłomności. Z historii Tomka wybrzmiewa przesłanie, że jeśli masz marzenie, to zamiast szukać wymówek, po prostu zacznij je spełniać."
Adam Bielecki, himalaista

"U Tomka fascynował mnie niespotykany wśród wspinaczy dar – potrafił zamienić górę w swój dom. To właśnie było zawsze moim marzeniem. Mackiewicz był objawieniem, powrotem do czystych intencji, czystego alpinizmu. Zginął człowiek nieskazitelny w swojej relacji z górą. Wyczuwałem w nim pokrewną duszę i doskonale go rozumiałem. Prawdziwy artysta, być może jedyny w całym polskim wspinaniu. To, czego dokonali z Revol, jest jednym z najznakomitszych osiągnięć w historii himalaizmu. Kobieta z mężczyzną realizują niebywałą wspinaczkową podróż, przy której inne wielkowyprawowe usiłowania rażą nieporadnością i wyrachowaniem."
Wojciech Kurtyka, zdobywca złotego czekana za całokształt dokonań wspinaczkowych', 'Romance', 464, 'data:image/jpeg;base64,/9j/4AAQSkZJRgABAQAAAQABAAD/2wBDAAYEBQYFBAYGBQYHBwYIChAKCgkJChQODwwQFxQYGBcUFhYaHSUfGhsjHBYWICwgIyYnKSopGR8tMC0oMCUoKSj/2wBDAQcHBwoIChMKChMoGhYaKCgoKCgoKCgoKCgoKCgoKCgoKCgoKCgoKCgoKCgoKCgoKCgoKCgoKCgoKCgoKCgoKCj/wAARCADIAMgDASIAAhEBAxEB/8QAHAAAAgIDAQEAAAAAAAAAAAAAAAYFBwMECAIB/8QARhAAAgEDAwIEAwQHBQYEBwAAAQIDAAQRBRIhBjEHE0FRImFxFDKBkRUjQqGx0eEIF7PB8DdScoKDkhYkc7IzNDVTYmOj/8QAGwEAAgMBAQEAAAAAAAAAAAAAAAQCAwUGAQf/xAA0EQABBAEDAQUHAwMFAAAAAAABAAIDEQQSITFBBRMiUXEUMmGRobHBUnLxBoHRJDM0YvD/2gAMAwEAAhEDEQA/AOqaKKKEIooooQkbXrXzdbu38zBG3BUcj4RwfYfzrXspEtITs2soGWZV78/zzUrrJ3Xl7HE6LKdoI3c42jn5GkbrTVpNOsikbLOsUgkMaH4iBwR+/vTrNwAkn8lVd4t6xd3eprpqXTvGZjuiIHDc47+lSnSulmztVMoDyEAscYBJpH0R5uousbjVbmIjdJv2DkAZwO/yFWssQWT41OBxgelVZJOzFsdmsEbS88lZYmK54WMDONtStpKWgRlkkwOcEDmo5oppuIoZFXGMlck1K6FaSlQC6gexX14+dKli0TIt/TfN81S0pweeAOKmPLmMgYSuB25xj+FfLWNkYI0KsvfK8EVLfZFdUKkqRyaiWpZ8m60ZGcAAMrMo/aXvWi07kkMEGD/u/wBakZopEZiQvJzgVpPHKBnbtLcYPNeHZescFrEpKpWWMH/8hSX1d05Z6nG/lKFmQblYcEGneSF0HK849DxUXfWbScptL49sECvWuINpgAEbqn9Iit9sumX4lj1FMKJgTiRBx2Hrg/6xTD0/GrQzSIzpcRHL4XGxs9/mBjms/VehvdIzwbo7hRgSocMPoR3qDsr2F4JlvIJLZ7eMxYgQsRzwe/IxnsOK0oJtex5WD2hhd2dbOE2zzm4gMcjRicPtVN3LZGcnPY85FVn4m6WZLOUiH44wrLgcj5EVavT6vqFosdwHa7idWVtmMoVyCc9++PqaXeo9EuL2/a6jiKrNEROn7QZTwR70zro1XKQhjDrJdRAsfGuny+uyqzwHjKeLXTO4H/5k/wDsau764n8KLI6f406BbHlY7tlzjByFb0rtikMlgY4AJ9jtQtFFFFLqSKKKKEIooooQiiig0ISlf2kEmuXkzKnngqN3qAFBqhPGXqZ47kDT1QxRlkDyxDByOfmT/SrK6s1WS26t1xHleSOKL4YMhRzGnY+/P765g6k1W61bUUtrkKm6fLBGJHt2zgfhWlC2hqPkkiNT6Cf/AAu0g21nDMxYmb4zkfSrn6f0eK7YG6Eigg912jPpjPJpG8PpbfTdNie5R2ZhlM4C7R6imlvEnSGuZLKKV4okUh5DCT29vb0x70pICXErUEhDdLUxfo+ytifNj3HdhcPwPyrMzWsMSsdojx29Rz8vWk4+I2jQLvjtLy5Tdg4UAnjviom78TOnL5nhSwvLaVM+W4O0D27en86rDHHoguf1Vmrf2rOnlzoXbhVP7X09/Wt+O5jaHzcj4eO9URH1ParMBFcCTJbKjIweOe3Hf+NOega/DdXUcTy7ICNxAOcY7A/iAOaCwjlXhti0+WkhkV2HxKSfXtX0TK4Kex9e9a2jytHY5kVt7qz/ABctk9s/nSveambOaZjICSxJ2k4U/l+NVEKbRvScDAZMgYyRisM2n5UbkDn39qgdI14rGiNIp3cg5znPscVPRawSyp5bBgfiL8DFeUoulc0qIvtHDoSFx7KR2qtOvulZJrRprLdDex/EroMHH4Vd6us2CQuGxjB4/OsN7psMylXQA/Md6kw6TYXj5tbdJVK9Ha2t1Dco0qiaKAtLIzBXSRTnZg91JX0PrViaa1t1DokV+kce8gpIvfawzuGPeqc640GHRfEGISMIba8XO4Ej4wQB2B+XFPfQGtQ2rx6WyyRTRyP54bAJY5xjJ5GOePQ1qnxN1BYT2hjyEo6fYfoz+0P06sYIhuZBKv8A2MP8q6tqhdZ09P72+i7zAV0unT7p+JShI5q+qUySS4E+Sah91FFFFLK1FFFFCEUUUUIRRRQaELlHx06sn07rnXNPtZHgZZVYyR/eJNvFgZzwKqDp2JrvW1Xcu89ixGMn154qyf7RenhvEHWrtFLvvhDKP/RQZ/hVX9Nf/UVLNtGcE7c1pMdbWhD8cwu8XWj81bfUesTaTYRWkcqySwKsQ2kHICgZBHBH4nvS5ZR3z39vNr0rWsFycrHAVZiDyM/X5/0rNa6BqFxdzXF3DdxtnBbJJPAYAY+RHvW3AINK1QnVIrmS1ICKSS/zA5FRsDZNNiNDSVqShjqE8VvMlrDEyj/zMjP8RGeSoHAB7mvEnTWpfpPUkuIyJrTBfyZWOFb1HfPr9Kd9Oi0dWlnSJ1kkUZ+LhiV9ufTit0G1tDdvb3EhurtQZY0kLMx+voPyr3vWgbBU9xOH247Knrq2vIP14lDxMfhdcfj2qzPDO38+OGe6kYKWI2rxkHuPxxUbNpUQMsyIV35Ll5N3btj07DHA9anvDq4eScqNq28bAbcZJI/Hj99VyO1NoJqJpbuVckchEGGUIxUE8AfjVX9WbZJZY5XZUZsoO57f0qxPNjijLMMccDPNJus28NxKZ5YS8SDJCd/r+FKg0VNwoWFXH/iTVdGu92mqGjICYlUMMA4+EEE/lU/pvjBdx6dCNRsUaYuyMYoyowMeg7ck9sfuNaMmkj9NG6a4LDna0qgKB8gOBWa16Sme7gltzZy+VKZozKCAN2cgkHkc9qY0xO99KSiTlgtO+i9dpqAWS0eEorbHh3Y28d1I7jkCnS11ZLixZ0O2RAcqx7VStx4e6pvluftVpbM0zS+XEDtYk8Dv29vam/pfU/tUht74CCWNmUj4iPbnP8fUHtVL4mj3Da9DXEbiionxmMrWmn6nCiC5gul2ueQoII/zzSVd9QS/pvQrt7ULdpN5byDADxkAZOM4PPHt+PFj+KscMfSNy1yX8rKllUZbaCAcZ9arawS1uenb2WwRZILTEwMmBIp78gH0G4+vb0zTuMbZRWdlin2FcM7i4646QkLgoJm2kMOcBscfjjPrVyVyh0Jrr33iV0jZGSOaG2lwkink5Rjz+6ur6Xym6XAfBSxzbSUUUUUqmEUUUUIRRRRQhFBooNCFzl4r6X9q661lwocP5YdeM48pBmqR06G46c6mlt5dilT8JIyuxh3J+h7fWuhevrZ5uu9X4CqPLILdj+rSqu680aSKe0vZoEkkhJjaQ8hUPKnPrjkAc/epqJ29LoM+ESYcb+rQPlSlrO9F0iRRJMkS43Oz4z2BIGO5xzmty96dW8UTWqKilsq7EyZIH1FKOi6k7ho0Eaqp+4i5IHHJJ/nVo9LsnlBAeACDzn60PsGwk8caW2oaw6dbGXilfn4tzfD+A/nU1HpyWdttKRoMH4QAAB7UwBLWJfNfDOq4Az6VB65fQvGY4AuSOPT1qrcq40Ul65eMHMcRLgnaRj61P+H2msHVzMVGQ2xVOWJ9c/hS+mkC1JlvmBBbK5OSf5VaXR9ugCGPIC+m3Az8v3d6mdgoE9VNahZn7GFiTMnuOM/KorS40WX9egKOuCf8qZ74qts288e3elmVXG0wgAk/EDVJVYOy9XOgW6MzxRiSN8lk9Khn0W0XetvJNbO4wVHKj6A9uacoJFe2jyoDAYxjGawtBBIxEkKMT64ya8BKGjdKkWjxHLXU5uAMALv7D0yMmtxtOjK+Td2ymHgRXKL8ceOw3fX1qUbSrcyjaFVRwAo5/OsEu+BPIt8gD4juOd3PPevbKk82kzxB0iSLpW8RmzFMxjjDv8LcAhsE8dv3VUvSYijGr2dykTN5RjDlgyqQcdvXnGDVy9f3TXPTGoacrb90RZNg3FiB6DPy9s8dq5703U/s6zS7jHcnHxAY3L9PftzT+N7pWNlW5ybPCBWXxY6YViDi4zhew+Bq7XrivwTt5JfFHQbjcgjW5JHu2Vb+H8q7UqnL98IiFNRRRRSisRRRRQhFFFFCEUUUGhCoLxG1fPXmqaeJlRkMeB/01P8AnUXdQSXfT2oKMyDyCCuAc+2c+xAqH8YLNW8U9ama48vLQnC9x+pSpbpu8820nihd9qLhi4GMe5/Gr2LrpI6wmftH2VD6bfGG7bazjDZIzzVmdMa66BU+0bfMQttJ/Z79/wAKr3U7aWz6jv7dJH2rKwB28bTzgj8cfhTJ0zDqGozJHDawtGjCAPs2Dk+w4HJ+tNOAIXNMnMYop8jvru7tEEkiqh7kH+Ga09evYdLso2Y/EjgEHuTzz/D8xTXY9JtD9mF3IzOGAMKxgbd3bcwPHAJ/DFQHUOio1nP9o3Pb7wwZQTuwME8EZ5I5+dUAi1f7S1wUAvUUeoyw28zAOGwfXiri6cljjCtFITEfulzyR865uGk3UF88kUmQhBKt6fM/69asLQOppBZrbhdxVSMjuSPpXrwK2TEREwrhXfe3MZUZdMZPBNaSXVvHFsZ1BHxY9zVf3l5rN9PIRGolCg7TlFXj1/DFaMNrr7PtuZYcH4sJ2Gf9d6q0qBa1vJVjpcC5jcW7rvTse+CfWsUN7IrBZ+JBnAzyK09Ftp7KzCMWZQTucDIck4/l+da2v3nlyF4l/WKMtsOfzqFeSGuANDhMCXIZ9yhcZCkDtUTq2oCLaqsNzYIJ9B/oUtza/wCXamOLadx9MfjmlvW9b86J/j3OM4bP517pUi0Va+dZ6jItpNIrbUYHJVipAweQfTtVG3C+W3lq6yMQORz3xxz+VWD1LcedpzlmAiCjORjhvQ/l6/OkKyldrgSHH6rsG7D2/ec03EabSyZm6pNlbng4kVj1101ATGtxJLhwF+LOxicn65rr2uKPBUyy+KfTskxYDzzs3evwt2rteqco24eiC3Tsiiiill4iiiihCKKKKEIoNFFCFy94vWyzeJWs8/HmLGD/APqSo3pe5+yagqyK3kMNjMD71L+L4H94usN25iJP/SSlmykUTLLkll9CauaV3UTO8xWNP6R9lp6707e6R1FNuIuIr9vMguWPOcElcc+n8AamuhbyOx1y9jkRGkTMjSkljM27jB7Lj5c01vb2usaQLbUYo5CjAKc+44+Icj8KUtR0NOnEaGJAhmk3rNLIdoAbITB78HH4mrRIH208rjcrGdCT1CnLXr9Lm5YXMwjjNxHBGBwCSSCAfUcg9+/7p2G8TU7a4hlSQx+QxQFA+DwACPqT+dUFPbXEdwt4TuMTAiJycHB+vvTdouuarNM8dtbbXdREIw+SMkMpJxnuCc+1ePh28KoaC3lPCaCNSvbkTW0ahZApEZwQMgflgE17uNJ02yaZRA1qJPMW3Thldvh7sD8PJA7du/NRunalrmlWlxHOiH7Q+8L94nHwhSwxzjn39cc1hmt9Y1RJN08UaB/uuGO0AHgE/P8AjVLWuB5TTRe4T10Z03Ne6S8wkZxGRgspBGOSMH73Ix/riUg0lxbFZmEc8kmEibOWHr9PQZ9cUrdKdV69oWbe+sluEa4/XCHhdm3GBu7H5euKm77qW0vdQs7lztCymNkVsZXBKjPpgk59cgCoPBvdQOu900KEiK2U5BTeoUbcFsg5A9+x/rUbLo4NvdzbGUbSFRl4Iz2759M5/jUP1HrkWi6hZ3SXDkW9xvMauNvlmM4H45OP8/ST1DX7SfRLySGVGlERmBViAGZcYX37tz6c+orwBwFqskjhJV/075d5OqTRFDEG8tS2FOQPw7NxVb6xtjv7lVmCQKTHjI4OAd37qtXqWdrHS7QX1zEt9PGSRE5IPbB59cL+fvVGdW3ZltovMi2byTxwCMkfU/U+1WNcb3VwcdCjtUvX2lTKwjdTjHPw5xnFYtHtIynmSbiX+JUxx7Dj1NR7Qve3mxiLcD75YkBammuoGA8pSoUYwD7GrmuHCtxotbi9w2Td4Qnd4sdOHkEXByPlsau0a4s8HInHir060gAP2gkf9jV2nUJ+QqMn30UUUVQl0UUUUIRRRRQhFFFFCFzD4wyH+8TV0yMBovw/VJSRHdKMjcFbPHrTj4zx58RdZYepi/wkpK0+3828CMhYYzwcVZqAFlfQsUAYkZ/6j7J/6UEiaXFLO5KPISqjjIA5J/MUwXiWl9bJbX8YkUHdHIe8Z9+x+dK36TEK28McYWNEEaqPT/Rr3JcSQx7yx3N6e1ZbswGS2pKXAMrSXjlI+v2wsJ7my3L5qHAdlADLxjHGPX7xI7VqdPaqlja7AZIroykmTazbQdvJ9+xx7ZPvTZ1Fb2uqRMoiY3aKBG2e3IPvjtmpfp3pTTzCrvO1vIXBud4wxTg4XB7k/X6VsQ5DZGWuXy8f2Z2hykND1m20+BAS09yczkRWzKPLxn4iwA9c/u5zUhq2qGe+VbGJ7mSI+Z5sEJCjt8LHG05+H1rPb6bA+kvayowtZ5im2CfcE+A4QE8gkZ7AD0+snGUXTLNNiWWmIEaTcSW+LllYcctk4/Gq3EA2l2E8hacYlErRERQMrCSMP+r8xc4HfIyeODz+FY+o7bThDjyTBebkfKMrIcPu9Bnkkgg9s/Kma3tDqjTTgR3MYiZo1KjIcFgRnv8AIeuVFRut9DxCdcTKEdcjJOHPJIz29zUW1yrGvF+Iqsb+1k1BguCwXOCVI2j6nuOTj+taFvDFpExkDXBDlZGAH3tueAc+/rxTZqto1nvj37IyvwHHPb2/GkzWrr7JavLcMrSqWUBmyCe3H47v9CpFx4CakLNK1+qeoIrtIJ5PNmmX4VgaQ7ETBwoPf2z680tpaTaqsc98n2eItsiA2MqD7x+Lkjk5yfpWjJqE93AtnZ20cKXWIzIuPMcg5yT37Yz/AC4pg0nT5bS3jbgDO1TjJPGP8vlSuTKYgK5KZ7MxG5DiXjwj7peu7JNNkdUtZy2MiRmDDn6cVCW1xsvVJ3YU5+Id6sHUnAgKkfH2OcYFI2pQ+XIWUrn73w/wqrGytXKbzcXuqLOAn/wbmebxU6cYhyhuCM44B2NXatcNeBszN4rdNqGO03JyPf4GruWtGZ2ogrn8g25FFFFUqhFFFFCEUUUUIRQaKKELmHxfiLeI2sHjDGIf/wAkpd0xYrRcEjce5NPHilaRSdearJIc5MfH/SWlYWcGd55x6Vz+Znuc4x1sCvpOCwHFjJ/SPsttLnzF221uD7PkYzWtdNK5CzDDfKs6swZRB8K/wr5eKuN5OSvf50kJS42mg0DYrRbaPhYMCc5IPcVu6Dqc0HUNtFbgzXV0vlWqzZkCuByxP0zgD6VHwOry/ESwzjPtW5erKLYG2lP2grgcHA5DYPyyM4FanZ+RTqPCxe2sLvYvCNwrTmuI3stgTbPaPEQJlMYV+wOeAeC35D5Z8CS3vL+/Xaj2zENsdCB5gOMdvQj09MVV3Tuu38Npct1DPhfPeJLe5j4ibYW3BiNpA4IXJzkU09Ma3paaZPrKzxrY2Egikk8hzLOWQgtnHGSB+CntxW29hXENNJwstSistDVo7cuspwqYz8ZYrj0xyCfl862NV1prPSVuJTEyxqxKpyIiFPPJznAJ/CkGPqwXMJLSmKONIwm5OeRknPPB7Y9h8+Vjq7q+1js1AguRcTrGpdmyGAwGwCMdsjBHG7jINQDLNKXG5Uz1DqIS2uZVf9cWZIlVyOSDnOfQqD6kc+maqDqe/bUZrbTY4yJIj+x2Ht2445yfWs3UfUcl7cl1kxCCUiVcbsDCjGDgjAxge9MnRWgPbj9LawVLDcQkmGGRg4wOD3/OvZZGwM1O5TeHjuypNA46qV6b6Yt9H0S2ncxzXsruGlZtzxrx8IHYZ/nWG5JeYlvh25ZSvO6vN1rESnybeMMxOEijGe/pXoWGp3bBZjb2IHq772/IViPdJkO1BdfG2HCZ3ZNJe1ZCYm3HnBOaVZbUyQtLvCjJyCOT/rmrCvIdMiQ+e0t2/ALO21M/JRSfrWp/CY7eFVAG3gEce1OYsTWbuN+izM2cyAhra9VIeBq+X4vdOxlt2Lk8/wDI1d01wn4IFj4xdNFzlvtJ7f8AA1d2VouIPC5iTmiiiiioqtFFFFCEUUUUIRRRQaELm3xYL/3g6sFk28x8D/0kpRWCVxj7RtPvUt4xXLHxU1a2j3mR5IUQL+0TFHgU7Q+Hug6DpVrcdca49pc3HAjicKAccjlSWI9SMCualxJZJXlvFlfRYs2HFxIdZslooAWeB0VdW9rcoxLXAK4rZtHNncxztcM2wklVYA9vSpvr3pjStCsLLUND11b61uyQkUjq0jD/AHlKgZAPB44qc6Z6W6H1i2sIDrt42qXEab4I3XiQrllHwehz61QcKV7jE4j+VKTtGDue+IJabGw4878klvrCNFcoI3Hm5yd4+MmMKC/HJBG76k1u3OrpLFIyWsUe4tlUY5bcpX/Xb1qT8UumNE6UNpaadPeTX8/6xlldCqRjjOAoOSe30NQ/hzojdR9UW9kysLdMyzEHsg7/AJnA/GqR2e2OUR1v6oY7Hmxjkiw0efwWj1vr11YNZ9RrYeZpkJjhYxuAFJlSTBB9cRFcj3FLOj9fAz3OpmKSPTkdUEBlPwfAf1a4wNpxgHuMDvzTp1DpQW/vND1SOSSBZiksKDluOHAPY4II+tfem/A/oyboyTqDqLW9UtIY3k82SKVFjjUOVAIaMnI4B5PPat7ExMctILd6IO5XI9pwugcHxnwncJMHihBJZRRGG8EkUIj8xZEDx85Jj4wM4C++Meuaj9O8SorVLGMW95LFAJg0ZlHLSBgCCACMAjgEeuMZpo668F9Fh6Gn6q8Ptcm1fT7ZS8ySMrkop+NgyheVHJBHYGvfhx4U6HrPhVf9W3Fxf/pGBLkwx+Ygi/Vg7SRtJ+vNXP7OxiwjT9fX/JWfHK9zwCVo6XriGy0qfUNMkufJMkiK7biWLNhjxheH5xySBntU7ZdQXWqSeVBZNBDGUJuXGXDCQsFPGDxgfLB+lNFr0Dpuh9CQa5r13qcN3sBis4XVfMcj4VIZScnHywPpWfwr6Ug6ltryTUpbmzmtipVbSQAAMGyDlTnt3+dISdnROdRHO/J+J4/uV0cckEcLntum7E/FQI1WPTr9LNrSSB2nM7OZM78kHYScnBxnGfaoOadzLGttEfg/+I0hyGPsB+P76cOjemT1gL/fMY723RZIWYZUkkjDfl39K09O6euE6tstH1aKW3MsoRwO+0/tKeQfrSsURxyHRt2dt5rSAxm6mE+Josj+1pR1KeF43Mdlbwyn7sig8H3weKQdVtpWlzI+5jyW96vHrvpGLTus9P0LSXkf7YseGuCDhmcjnAHAAzUhrvhz4f6RcRadr/Ut3a6pJH5gLyIi455wUIAJB4Jzx3rUj71xId0WZNkwNaC0HxDbqaVLeCUJXxf6ZLd/tJ7/APA1d0VxT4VJAnjdokdlO1xaR3rrFKybC6BXw2PTPeu1qfjNhc9ltDZNkUUUVYlUUUUUIRRRRQhFBooNCFy/15d29h/aCa6vNv2eG+s5HJ/ZUJHk/h3pg/tE9Oa3qOu6bq2mW9xe2IthDtt0aTy33MScD0II5+X0pC8dP9qeufWH/BSsvS/i11P05p0VlFLBeWsY2xrdKWZB7BgQcfI5+VZhc23sd1K7VsE2iDJholrQKPote96W6i0bQbfV9U0ySKyk4JkGHjycDevdcntn3q2PBbRhp2hXXVV/bOzGNhbRxxl3KDuVHuew/rVM9Z9fa51r5MWsXEaW8Lb0t4F2R7vc+pP1P0pktPHDqWwgitIrPSYYIlCRokDAKoGAB8VUxxwMl1jor8052RiiJwFuO9Hp5eq8dVPq9/qdzq+sWV3am5k486JlVeOEBIHYD91Wj4b6Tf8AT3QN3rGn2f23V7/DwQ9vgzhc8j3LflVSdV+J+p9V2VvZ6nHaCOKUTAQoVJYAjvk8cmpHUPFDqLUkt0guRp8EC7UWyzGGHHB59MVTH3cEjpCSVLIx8rJxmY7WtaL3F7UOB57q0PFTRwZ9O18RiFGCxXIYfErfsE4/5lJz7d63bXRNO6i8IbvSHvDZWF0sivdOR8P6zcWJJxyR6n1qo38RdYl0K60fVZ0vbWcHdJOpeUZHG05HIIyOK0YeurqTouXp4CGLRpCY5JDkyhS+TtOea0YJmvcXtWPl9nzx47YZeQdq8lYN3baH0R4Taj0doWrR6pd36TQNIzqRGJhtZ228AKpyB3Jx6HIZ/By30rTfC4Q+ekmnQtKJpJBhcD72flVByaxo7rGi2s8sUcYjSNSQox2OPepvT/EDWNP6cm0OwsLOOwlV0O8fF8Q5xzUXZTWvtx2Ux2G8waY71Ei/TdWP41Rakmo2N5Kvn6OAI4VjHCSHvu+Z4we2B+cx4N27W/6ZVkCZ8rgMD/v+1Vbp/iT1FbaOumTQWF3Z42FZlZjt9sg+le+l+v73poXCwwwqJyC5lG7GM+xHuaWGRF3wktNv7PyvYji6RtwR13v+xVgeB23z9QK45hTn35NTfTfUukdW6hHBqUEcGtWMxaHJxuwTyh/itVl0v1u+jtINMNszyDaxkXPA9uRUOoWa4jlgLLOS0m9XwQc5qpmX3bWsbvzYKjN2W6aWSSTw2BRHpRv4Jt8Zf0gPEjTW0dZHvkt4nhEa7mLh3IwPWmSw1mHqvV16c656MmS/KHE7QeZCQBknf3X5YJ59RVc6truq3WrWmpG8ZL+1hWKOZRhm2kkFvz545rNqPjR1VZ25jWLTXkHHneU354zTMMzdbnE7FJT4UvdMjDQS0c3R/hRFh0xadI/2k9K0vTnZ7NZ1ljDnLIGjY7Sfl/DFdWVxp4X399q3jRouoarNJPeXF20kkr92+BvyHYAdgK7Lp6BwcCQsjOY5j2h3NIoooq9IoooooQiiiihCKKKKELkbx0IHihrePvZi/wAFKQG9qffHL/aprh9jD/gpSGRkn51iye+71X0nBF4sf7R9lrt8IY8k+lZoSky7WH5+lOPS+m6HedLa/d6nZ3kt3psazI0NwI1cO6oFIKnsSTn8KltQ6I0y20K9KrfrPZ2MN7+kHZTa3RfbmNBjv8WAcnO08V6Iy4WFS7MZBIWOB8vt/kKtbi1kijyw3RE8MO6ms+nNN56IW/VseHPbtVpX/hpZaZPq7Jrcdzb2tzBBHBE2ZQJJ1jPmj0IBYfM89q8650Daaf4g6DoOnJcObmaSWS4ZsxeXuOFHuVVTu+ZoML9JsKpvaEGoGMn+BZ+iwdL9L6fe6SbjVCzmeTyxubYQuWBxj1471pavp+jpo8rQujC3WN1DTpk52l0AHO7PHbj5U36db3S9YHQLu1kh0+G4TyrgjaZlmbKkA+ysc+xBHpWt1P0NbWumwjTZIby8vNWS2RYZAwCsrkE4HGSAeewpT2bIt9PIG23+Ev7RBJOyR7ueEopYaEs14IJ40jikVcm7VdsZj3GRSR8ZDHG0e3zrI9jpH6Jjnhuo2u2snlwZgQJREjAHd2JZiMc9j6im9ujNN0fUdTFxaXN/HBBBPbwxLslmWQ7c8g4CEEHj2zjNeV6K0656cvdZvIdQ3Ws8yCyyBJgYCBgBxt3ZY+wpX2GbVu47fhN+3R0C2Q1t9Qq41/Tr+K5todMv4LuF4gZJIXBCSDhxx6Z5HuKiW0uRMm8vRuzggEVdOmdHabdCWMLIypptrdiNbgQ5eT73xlTgewxUToPQfT+paXaXlzqZtpZA0csUzcmSNt8hHH/2uR8xTMMcgaGkj8n8KQzcdtl5JqvrvwFVmyzh2kTSuR6An+leotRnjIFqJAR2yxNWfpnRmg3sOnXkcd4Yp4ru5+z7gZJVifCRrx97B579jWbR+ntKlutXe40XV0tbSBZ1i8wCVSR8KY2/FuY8HjgZNWaDt1v+VN2fDRAHHw+NeariDUdTdSZ2jWLsWcdqhpdXS5klBXMUbbC4HBPyp96k6Uvv7uJdftoXjuDKF8txgRwE7TJntkMPy5qutP0eW905JrcpDbQqcs578/e/GmMbHc/cir4SOTmx66Ydm8+vknbwjCTeKHTsqSByLg59/ut6V2RXEPgoFTxZ6e2nvcn8fgau3q04Y+7BFrme1H6pAa6Ioooq5ZqKKKKEIooooQiiiihC5D8c/wDaprn/ABQ/4KUi4wafPHIZ8Utc/wCKH/BSkUY8sgg7vSsSX3z6r6Z2eP8ASx/tH2WZWkS3fy5HWOTCyKrEBgOeR6814muLma3jtmuJjAh3JG0h2KfcDOBWLcduPSscjFEJx9KgLCYl0kWQtmPVJw8oe4l86Rg0mZGy5ByCx9eeakxqtxDoeo3sUtxLdOGgTMrERbwdz9+57UruySMGfg5wSKZ7awk0/pybUopCJtoJjblWX0yD9RV0cTnm29N1i5OQxjNL+uwWTw3165vNL1C1czs8ShopDIx8vAAAHPHuMV7NzeQ3bC1nljXJf9XIVyxJG7v3xxmsHQvUBvhqC3McEIjVSI4Y9qnkAnj1/nR1B5Frq7GxkDq6KzjOdrkcjNGTG/U556/+/Cr7IljIazmutLeguLu2CSNqN0uwEKYmO5Qe4B7isB1mK2AFvJeAglsmRu7fePfuaj4tRAlzIrIfkakBNDdKN4Uj6c1nEOb71rec1h3AHyXuHW7/AGZsWv0yAu9ZSDtHYZ9vlWMXVyEO+LMh5JLEnJ+de4pmhJjRt6Ads4xWzajepyOR71BzgBxshjW3YULqOq38IiAeaMRklNrkbPfb7V9surNQhmlIvJl8zliJWBJ9yc5P41OT263MWJEUik7qPpyZ0L2ZPwAnYTy39aYxpI5CGO2SWaHxsMjG6vgvDXGoaxFdXn2i7cuhgjjVzjyV5Yd+3ritfVr+WOys7CJtluIw7j1Y5P7q2en9RVNKlhaNWlVWRQSVK5GCKiNUjaW7RnfIKBVQegArXjHioHi/kuckJ7rUBZdXz3J+qcPAzdJ4sdON+yLg4/7GruSuK/BG3EXiX07j0nP/ALWrtSmo6rZZnaUJie0O5IRRRRU1nIooooQiiiihCKDRRQhcjeN7bfFTXD35h/wY6QyPyoorEl/3D6r6bgf8WP8AaPsvoQhd2OM15eIygqgyfQUUVVfVOFoIpQ8paN3Rs9sYpui1VrjpedCQhVUQY9Mcd6KK0Md5aDXUfhcnmRhzt+h/KSdL1AaRrLMwzFMnlyYPYEjkfTGamo50maV4fuFzgHvznFFFWZYBYCqOyHlsz2jhbaeXOMOcMBjNa7iSJv1bHiiiswbGl0xNrasGZJQzEkk80xQSxOmQ200UUrkNB3U4XnhZ4ZlBGDWO4kWZ9oJoopYNANq4nVsVCSdOwyyPJGSsp549ajr7QbhZUlPKD4Tj0oopmHJkDwLSk2JFVgJz8HIlh8R9AUYJ888/8prsOiiukhNtXK/1FtOwD9P5KKKKKtXPoooooQv/2Q==')
INSERT INTO book_author (book_id, author_id) VALUES (8, 7)

INSERT INTO book (id, title, isbn, description, category, pages, image) VALUES (9, 'Dziady', '108', N'"Dziady" są cyklem czterech dramatów romantycznych Adama Mickiewicza należących do ścisłego kanonu literatury polskiej. Najstarszym chronologicznie utworem wchodzącym w skład cyklu są pochodzące z 1823 roku "Dziady. Część II" i połączony z nimi wiersz "Upiór", których głównym bohaterem jest duch o zranionym sercu, ukazujący się w Dzień Zaduszny. Kolejną częścią cyklu jest dramat o tematyce miłosnej, także z 1823 roku, zwany "Dziadami. Częścią IV", którego głównymi bohaterami są nieszczęśliwy romantyczny kochanek Gustaw i słuchający zwierzeń Gustawa ksiądz, uosobienie racjonalizmu. Kolejny utwór wchodzący w skład cyklu, "Dziady. Część III", napisane w 1832 roku, uważane są za arcydzieło polskiego dramatu romantycznego. Dramat uzupełniony jest "Ustępem", epickim komentarzem zakończonym słynnym wierszem "Do przyjaciół Moskali". W tej części Dziadów Mickiewicz zgłębia tematykę dziejów narodu polskiego i stawia metafizyczne pytanie o sens tych dziejów. Pod oficjalnym, jawnym wymiarem historii narodowej, poeta odkrywa jej ukryty, martyrologiczny wymiar. Mickiewicz formułuje mesjanistyczną wizję historii narodowej, opartą na analogii pomiędzy cierpieniami Chrystusa a ofiarą prześladowanych Polaków – narodu pozbawionego własnej państwowości i ziemskiej potęgi. Ostatnią częścią "Dziadów" jest zawierający kilka niepowiązanych ze sobą fragmentów, nieukończony dramat "Dziady. Część I, który został wydany pośmiertnie w 1860 roku. W utworze powraca opis obrzędu Dnia Zaduszek, a także postać Guślarza z "Dziadów. Części II". Dziady doczekały się wielu inscenizacji teatralnych, telewizyjnych i filmowych. Zainspirowały liczne dzieła sztuki, między innymi II Symfonię austriackiego kompozytora Gustawa Mahlera.', 'Letura', 222, 'data:image/jpeg;base64,/9j/4AAQSkZJRgABAQAAAQABAAD/2wBDAAYEBQYFBAYGBQYHBwYIChAKCgkJChQODwwQFxQYGBcUFhYaHSUfGhsjHBYWICwgIyYnKSopGR8tMC0oMCUoKSj/2wBDAQcHBwoIChMKChMoGhYaKCgoKCgoKCgoKCgoKCgoKCgoKCgoKCgoKCgoKCgoKCgoKCgoKCgoKCgoKCgoKCgoKCj/wAARCADIAI0DASIAAhEBAxEB/8QAHAAAAgIDAQEAAAAAAAAAAAAABQYDBAACBwEI/8QAOhAAAgECBQEGBAUDBAIDAQAAAQIDBBEABRIhMUEGEyJRYXEUgZGhByMysfAVwdFCUuHxJDMXYoKy/8QAGQEAAwEBAQAAAAAAAAAAAAAAAgMEAQAF/8QAJREAAgICAgIBBQEBAAAAAAAAAAECEQMhEjEiUQQTMkFhcfCB/9oADAMBAAIRAxEAPwDj8zlqqQswZtZuR1N+hwbyOYxVOlzcP5ccYXwdRJOxO+C+VFp6uJEUk3vcG974AYxxEo7lbA3AtfzxqC1hc2wQzrL1pYoHpA8kTxhtTefB6bbg4kpspK5fWy1T2liVCFVhsSd9Q5HPG2GLLGhTg7B6uF2NrkY9VS0bOBve2LX9On+GMyhCFUOwDAsAeDb6YuRZRUqhY90AFV2GsbBhcHb3HrvgnkivycotglVfcnp1xGY7m/TBSqgkpqh4plVSPI3BHQ4tVuWosdHJTh3WdQCSb+PqB9sbziq/Zyi9i+bltwwAHkf3x7YMNhsdgAMMtflUMJrlRZSINIVjINt7G4tc39OMCjl7pGrHSNg2kt4rHg2+fHPXArIns1xaBiKFIuOMWkOhS7cDfYYuZtQrS1tQiEmOJygJO56dB6E42zPL5VklWGJkjjQOS8gIAt/uG3yxvOLRnF2IfaWoZswl38BC/tibIp2Ktra46DGlTktdUTVMlo/ynTvCzgABzZTfyPni/kuVVBzf4Kpi8cVQtPJGjhWYknYE7dDvxxhEZJMe1oWs3qWlqJAf9JIvbFRJnRNSsRawsMFcxyedq7MTEoipqecxM00g2JJAW/U7HjyJ2GIYMjqKioWmjaH4izkoX2styx1Da1geuD5LsXT6DWXSs+XxM9wbc+eN3catz9sRUNxSxhvK22NpOR/fDEtCr2KaElRf7YaOx7U/xTOToliUupDaTfYC1/I74VlGm4684KZP3orI+7Ctciy2vvbbYeeEy6Hx26Oj/G082SGOSUq9LIHQa7Fgedutio+uCFVPTzR5pVxzRPHWIjxHV4/1gkW9P7Y5s0hXNJI1cOijY774vUsyjTG0iAKLc8e/86YSl52Nf2D/ABPSwQVkVO8IienGh9d2c3Um/l122+eJZZ4u4ntKlmpYVXcbkBLj7HCGlcVDGKWJWjItqk0lje21zbbm+DVXkudjPGyIwxxZymnVTvURLuVDAA6rEkEbA3wU4pMCFtBLPpY2rS6SBhoX9Jv0GLceYxLStBJZmQK0VrEX02bf6fTCiHqoKmejronhrIDplicWKH1xOrWI30368YbCKlFL0Lk2mxxzCpiZ80PfRtr0FbMDfc4F526z1C1VPKndSHVYtYrf/Tb049hijn2U1WS1/wALWd2ZdKvZHDbEXAJBte38thfzCVpNaglFUXsODf8An2wPFY9r/f6gk3PQ5doq+iq1rO5mg7+nmZhYj8xWJOx6n/OI6zPKUnMaeOeETMkbRl2Uq2lCCLnYfq+xxzlYEmNxMlwbDU1r3PUnYC+Js8ybNMhzeWjzSH4arCjUhdWsGFxuCRuDfnbCOGu+h+l/0t5fm4jzeojzSUGmqKZoJDEo2st1sBYbMFGDK57Sz9p8kqUlRFaeKWqY7BWuob0t4b/M459LqLnUtnJ3viaK+nc8YY8aexak+hmzyqpsxyrMqOnniFRHmclSAzhRLGwtcEmxItx64q5PCtPklV8PU0z1tXJ8NfvVXRCCCzbkHxG3S9lPnhTlsGsDffnFnLjpmFz6C2DUKVAOWxmhhMUKre9hfHqtf5Y9VysIJve2564jkqjME/SQotcjc4ZLIosCGNyTaFRriUpYc4MUvcLAzo7CS5NugFvP6YG1Opq9+ihyQoN7b4uxxtCCoYgGzEEWt5H12wuXQyHZo5C1oMbNaw0lv74zU0soIYtfYE+dv+MbVUZlMckAuBsQCAcT0FJI9SgdipDeV/MnAOVKxiVugZVRMJGAJYLte/XHVPxzlkp/xbzRlD7indDE24IjTm244P74C02U00lQggg71g40Agkk+Xmf+sPv4qZXUVv4h5hWU8LCnkMMfxTjTD/60F+8O1r3B8rY27VMFeMrRQ/FatWKtyHtDHSxfEZxlUTVOuMH8xSLtuObWW/kMZmYpcs7MZKtbSU7ZvW2rpbxae7gO0cZ02/VYk8HBmuOV9r+2WV5ZAGqMnyqkSCSQBtMkcQu5sBe7bKANybHCh25oc4zPtFPms9JVxRVbhQGhZBGL6UjW48rffHfUp6O+na2HPxFiyXs12xmpRSFqRKZXjphIbNIUFtTE303O9jf2wHooabPPwyzvNpaAU9ZldVHHHUxXAnRzYowvpJW43Avxf1d+09HQZj+KmbySrS1FX/Rh/TBOFeJ6gAAW1eFmHisDtf2wq5PDmE/4cdu6bNKiRsxaWlYRVcgSYIr9VY+Eb7D7bjBt32AlXQFzzKqDsxRdn4qrL4cwmzGhXMKmV5JEYCQnTGmlgBpA5sbn02x0HOKTLM3/G6syrNoI3auokWld9jBMIQyttzwRbi5wo9tO67Tdiuy+b0MkRkoKVMsrY+8AaEpsjkf7W3N+lxjb8WK9qL8VRm1E8EklMaaRND6gWRVNjb1HocD0H3/AEV5svWnyatlqIQ9XLVfCqzj9BQHvbeo1Rj/APXphSj2cgcnw2tjpX4n1GWVvaurbL3aniRu80Kd3mkPeOzDpu2n2QYR2iiWnldgGk1sABf0PzH+MLUuLaH8OSUhemX8xibc+2JqGN2mVowDpIO+Ls1EZyO5ADaQxubAH0GDlDkgWliYKz6Ddu7F9Rtv7/tgp5lFC4fHlKX6IWkmZHDP00nTsD0t64uxRxRxi8hA4AjAb64siGKOEhlKkC97WA6XJ8/74ouYpSLyAIBZbAjqfIYklNzL4Y443oXYoJKvOnp4AC8jsqi4A+p2GC2b5NUZZp+JaGTa4aNi1x7298OH4bdlcpzPMMxq8zLiWlltEneaUvzv1Jvx7YYO02UwvA3wbAFAUsHazAg8772ufriieVcqPOjGlZx1amo3+HCqicaxYnFvIJWqapCBaZSSRfb+f4xfTLnyfNJPiTBUwhBb8wEBzbkbnbfpiHLJv/LlOlFnl0hUiQWvxa/Tb64KTTTSQcE9NsZISqRl5DpG53NsUmj15oZLskUgUErySR0v08ONopEklBeF5CL3Y8RgX5vxirSTyVEixKSEQMUDtYqNyP8A+j9cKlk5aQ6OB40pNhimRIWYXUksbDyxaeQPEosL2OlrdcQUFG4aESWTkX88axzypLL3nhVSVFzhClybXobkx8Ip+ynPlE0zFqcGZyCzG3HriglFMKzxjR3TWkVl+XH1x0/IMjcUcrvJqBA1kAWueADt64rZ/kRkQyUlLJHK5CXZgAxv0F+d/TBLOr4iuH5OXZpCkdQTFdUe90Bt5c+l7fTHtJXUWX00q1tAaqp1K0MnfaUUX3DLbxAn1HviOva9SY9zYXe+xB6jfFKojLKyB27pTzcDpilMCi5DVyTyvWTAPO8hd3cXuSTvb3N8VauR9ZMLeENvp2xlA4VDEWNmNi3kOfPBaip0cBqjS0ZAcq1l1Le2x9/L1wLai7DiuSoo5JVinndni16kKCx2uep/m1sHJKsU0es3WJQAH/3D08sVL5VR0tVqglepLWQpsqbDncg2387+uBGeCaklH5jmE2YaT4Tb167H9sLcFkkGsksUWeZpms9bqbVpiU2UcHEdPULFrVyyNq4c9Og4/l8DDOZZbXGk+nHvxghLLrCvKFnc7Hra22KOCSpEyyNvkdCyXJZEzqfMhWRJAk8itT7h2N9trWta3Xm+B34jZk0Xc0cDlbqZGIc79ADv9vXHWvho6KGstQQ1BEpLubLovbe/lz7Y4T2tq/jO0FdMiK35gRTckIFsNuOdsT4p85WzpRpAqJgsAc+KS/iPAHX+f8Yp1L6pdVrSbksDucSyp3ZVb2O5LcgnESr3srFRduQMVJrsBprQUymrlWklpY2OkeK6mxGxv8uSfbEdPmctDVOyaJCAAb2tb5YGOxilsD4W3G+ISxdm1G5355vgfppuw3laVehqp89SaoCyBogXvfUfDfz++DkwMepnYkk7k+fTHP4Luii5sDe1+MNOS5hJMjQp+tRsWawI/wA7jATx1tBLI32de7E1k8uQWKiIxnRHIUvrX13+Xy88b578S9LK0MkTuENmiksVa21geuNvwuqpqqiqIH+EMUOlvFGXlBbULar8bceuG6riEZQzPDGDuPy7b3t1PyxBKDTuh3NdHzHU5dmpqpdVJVPckktEbm/U4kpclqKgHXBN3t7Kixm+w8vp9cfRWnKaqsEKVlO8sg1KutTq6X29cQZtlEdLTtLdA/Syjn/jDpZ5JdAwino+fKag+Ba9eAq3uFYX3G+9uPLfzxfqatMyzlYaKEpSMECw9B0AA+eC/aXM2keaijkhMUbs6MRYk+u25tcYF9j4w3a7LlCk2mEjt1AHXB23FyfYdcWkhmrqqiykf0xspWrcsI5nsQzEAMTfrbnAvtdLR5hkskqwRBmPexyAbnUL3vbfy/6w6fiFmAymKbMKSGKaSRDD3pUHTfYg9cc6nhkqexlBFTC7RLIW23/Uf7H74nwK6m9bG5ZacV6EJdm8RIZOABidfEtlLEgm9uMayQMgcubEG3XffEQ8PQG++5/5x6vZ5XR9TdqahaPKM2mF2ZE1ALe+ojb9xj5yqo9RdtSqQb6b+eO9dtc0FBkWYTrA04eKJUVerWFifTf+c44hGBmGZGKWOSjWXVJslzZQeL267XxBgtWytpdA2eYvTkFQCNrhfPrikWMZQAHazX9P5fB6aKLuZWgb/wAUMUbW6awB6XBO/pgFOqByUB7sbXvv/N8VQdi5qtmSDXJsdIO+m9htjWoT842PJ87j643ZBqRVAA5ubXIOCtHkyT0InmmKSGQBUC3uo5v5ffBclHsBRc9IEU4A1K2+9t8FaFIJHMcmu4B0931PS56DFHMFWKQaU7u22nqfXDD2b+HqsuRO6/OjY6jwfO/tx9Mc3qzqp0xv/DWvqaTtNT08zF45l7tiJipA3IN1Iv8AO/PtiH8Qe075nmk6tbuoyY40vzvbf98Zkc0VDLXSTRB5qenM1MTyr3AuPkfLoMAezOWU2eZtK1XMy6JVYRrw1zv/AG64nbSbk/wPinKlH8kue9jsyyujpa5DHEzASCQygFWtfTbkdN8NdL2zzKs7IdzXNqzBZe5DqbFxpvc7bHcXt7437Z9nqrN87pS1VppAwvpJuq8bdP5fFf8AC3s+1Rn9RSSVBWOjqGk1hgymwGm29rnnf/bhMZrNBW7YyWN4Zcq0J1RT1BmkeXX4DZrm/wB8PH4bZV8OanMmjDvp0i2xAPT9t8Ee13ZiXLZ6fYd3MEU6Nyvi3v0+nlgp2MopTCxjiPdOqlwGXrfYAEW+f26rzzfGkMx8X5MTO1PZqszSqrK7xCNED6VFwN7BeRuScU/w1kNJm1Xk9eo7upQOqvYjWoP9icdU7X6aXJDFIy3LADT/AKthYcfz52xz2sy+OOWnzWjYM0El/bSd7+/HzwcLli4TFSl584if2/yF8sr3kgBNOxvboDhNLEuxsvzGO/drKVaqmEyoGUrchl1DHFM6yt6auZYlDRnxKQDx5b4f8XNzjT7FfIxU+SPpjUghQlL3XSbdANj+2OHdu6uCLPIq2m1CojcL4f8AUoFzf62x21WaTKZG0gXDM2o209frtjgHaZDNm0shYlWbbe9sL+PHbbOm+kilU1if094oFC982uQ73fy62sDf3v6YGSgicqriVCdmVdP26HFnQqxjS2lhezbgg408Kkhn8Qtv0a3X74sVLoU7Ip30ul2JCWFx0Hz98Gcszd0URd3qjIs9zvc36jf+3TAKs/NZipG3W4F7Yv8AZsiWSaOQgAgbm3qcZKKcdmxk1KkUqttU0oTZdRsMHMgpp6GRZpQoSVAy2YG/le3HzwKp0X+tqLB41msfI74ZxNGmpxKqql7x6rHfge22Ayza8YlPxsMJ+U2V8xrpkqfh5EdLnu2VZNj+398X+xsUEOYhQWWV1slmsSRY4q52mvL4ZY1vbjcm9z08/b09MUKSqZqinqI5JH7pgSQu/n/PbC1c4D8mKGKenfof+1GewmI0dZUSwOFsyxqDrFtgfQ/e5GM7CVdRlNDSQZWHWSolaSeYoOAw0qAenBOFbLssq+0GYPJFaYkXMhY+H3OH3KqD+lmno9YmqZWAbS3Cki9vLbCFxxLhHsCd5PKR1DP4hnGX0pdfzboyk3vY7nn2xeoKWmynK3eYiPT+YQHvpUbc9f03+2KuVTRinjdxcRXQatrgccD+Xwt9vc8khyieKFgTMp43svH9vvgaTkm+yZN1xQndu+0rZtKYKNHcuSUWMFieptb+bY87CUMlZQVmV1cbpLJSvKFfwm/IJvxuFviv2LpMqKiqr69Yszu6iGWUKNHhsbWv18xxhqppgmZUtQk0U5AZDJENI0svXxEHkH5fPDZTUfFI3i2BqOujly/uZGB8Nj6451X1KpmFRH3JljVvCymw9uPQYiokMEEs35zEuVURk3vbbj6/LFaXMBC5hp1MbIfzGMgDM3rfy/zjYYeDdBSyt1Z2iGvpXyUyRMPDFsWJuRqZttvb644Vn1Q715KNsx2HkCcONLmsx7N973g0myNb9V7dfMc455WTd9MCd2ZrWxRjhVk7lZJLeylrAnknEMqG5J8Pl642eUSR2++IncFRyQBY4YjpGiyOrC27A8dLYnoKnuK0yKiBeqkmw9sQwlb26c3x5de9Yx73Ow+eNfoFey7lrNJPIQwDE3v8xi9mfdxjwjxHkk3viplK6pCzKAALL74sVQEpCpq1Dfi33wzSjbB23QXpoWqstitG/fIttWkEC+y/Pb54t9n+yYnqbyu/dAHWStlH332wS7IxxU6D4hysmkyOCLkJf7H+exary6tzqunioC4oYvyVKqVUefGwGxH9seY5tScVpHqOnFSe2G+zGbZOjJl9KLgkKAq6dW/+7px7Yt0/Z2SftC0gqR3S+JSp3DWIIJ8hxe55xP2VyyLJaeppDAr1JUMWte4JAIv0PGLgro6SXVAVRlB7yOZ7WBHINsTKUVPxNlCUoWxhj7PUlPRrHHVVbs4vZnAUahboL32v9Mc/7aJmVDMY5IEqKfQUMqA/I/K54GHUZ84nOiDu9S7uCLL7238/piWGmlmQtUKWjPmSCR5fwYcsiuyR42tM+d86zIyPohiPeILiQblfa3GOj0KR0WRwZvHNMj90jyw3ushsOfmfO2I+22X0xmeaOnRHCMW0r+q/N/PGtQ4/+PpAQAVpgbHngYKc1NKkHGMo/cLdTC1NmdREjBaGZxKBY2HBFuehwuZrlBnqjK1VGqN+hVXURuTY8b74b4ZRU9n/AMxyskLCPUR+kNcg/Y4UZqeAysk1TLIF/SBvb68X5w7HJ2BOKZrkYWopp6QsNblUQFNQsbgtfpbb+DC9UQPFMoNgQ2/pvhm7J10eU5j8RUqGiaKRCrG25UgE+xsflihnyqKuXVGx5KupAW3nxvuCPlii9k4GEdnboo5JG2IpDY3O48uuJpCqo4FmbYA+o/nGKlyxt5DpgkcySMKW8TafKwxj7iwAvcWI59seBChsQwY+YtgvltMH8fdlkQFpOtgNr36YyUuOwoRcnSI6Ru6h3uvO/wDPfElLUhZRIqiQggqObt0xTzBpKiotFpRF0oiKef8AnffHX/wm7G92i5rnaJqUh4oZDcp/9iPP3498ZKfjs3jxloOfhX2DlqaM1ueiRFkOsxtsx22J9P8AOH3Pfg48vfL6SMCnEZUkAqHFv3vbe2/ON6nNYbNEKpIQ1tIDbkcAgDnFGhVKrxl5GXi0m32G/wD3iKfl0GnvYFjzoxJIqRBjMfykQeJSN+nO49vviHPEJpofiKFjaz91+pmsb9L23G4w/wBHl9PAROKcM/oLHz5t9seAxhXYp3SsTqKqL79NW+3y5wv6VKw1l2LeRNTzfnIiqrWumu+k+RA/4xezirL0yiKIpEDcMARc+pwOznPKbK4jHBGkaaiFuB9AcI2f9onqJlhSoliMdyyXA39dsBCLa0G6vZX7ZZxDRwtrS8khEagg7kkA8bceowBzuuROz8FLJdSUBIVSVvdLLcXv4STv+4GBGc5+lZCI9TOxPh7xBcj97/TEVdQyjJ++u5pwVYFmP6ipsoG9z+o/I4px40qsHJO7oow5vVU8EsLORGwtci+2/N+djbFGSvZbASq4G2q1yfriNJh8JMkpBU8+YI4+eKi2S6oVZeh3xWopEvJseanIaU9kYs3hqlRoZhFNCwJZiQDdTxwy3B8jv0wrZzTklmiN9QB5vzjo1BlVRSwzUGZU1RHQ12lY5SLrHKDsT0AO4Ppv0wIzGjpgHhcLFPDpjKBN72t9eT8sJhk2MlHRzmKnW7CbUDewN9sYRHpJZiWHlvhwr8mhbLElRWZ9RUqIz6WseOuFuWiIUqFAv64cp2LqinArH9K9ba+gwyKGp8nSmUfm1R1MSOFFrAfW98CMugkecQf6ANRuPl/fByqpWKvKXQkgBAp4A/v/AJOF5HbSKsKpNlrsRllHmnaSgpamXuwxsQoBJ3A489z9MfSGc0vwVFDDCKeFIgtg/J23487X/gxyP8DuzU9Zn0eazRlYqbZNagDUbEn+dcdp7T1DUlPCIKfXUSyd2sexDcH54CWxUnsW8uyeerqtUiIAGsWJso9LDk/XDN8NBlSuw0s45K8AeWL2URSxZajVb65wurSuwU73AH03wvdpq0/BL4hLZ2BjuWsBzb6ffASjqgeQCzTtvAgkj/UAbAG4Hvbr8/vhUl7XKsJYhkKnZ7gb+i2O+BHbH4evAkXvUeMd2b2UH0I8/XrhOqFeSO0cfhS5bgbYZHGqoHkE+0HahqiYiEljvZiDt/j35wvF2qqoSsrlFsGu217C+/qemIABISlg6349cWKn8iABwoHKrGLWOHKKSoFybZRq1JneZlVV1Dbe567emGHtEU/o8UFLOdUZQSROu6nRYn03Yi2/2wuxyyrIJSV5D6jvvfn74P07y19JMZmE3fOCSyjU1uTfnr88Lydp+huNXa9i3NCzR+GJi4NtYHJHp0xXiTWmq6rc9Wt++GWnrY4qaRY4IgiPvr8WlSLWHXk397eWFmRYwo8LaiSTp3Fr7YOEnICUVE+lnzCmr41kzBwtJbUmo2RxfVffncfXAFoKbNYO0WZ0uX0zQQR+KeeTT3RVbg2tuWNh678c4lkyrL2UUc0CgEEhUfTYnrdTzxzi5QZXluWdlM5MVOil0kDTFGdlGi20trJe9rE+LgbnEXxvuH5q46OUrVVME4kinV2U3Ut4gNyeD74D1o7q7sBbbgWwem+CSRlpYHqHGxIa9zgUTHNUMagCnCbhX5b0GLLSQmMXJ0jykRIYY3kUd5Kb3PAA6ftjVi09ZHExYhG02vydr29OcEquCXQpSnd41swBIGpSNrA2Pn9hgt2AyOPNu0ySPCViQ63O1t+Pncj6YQpJ7ZbJcVSO+ZBSnLcipXWNKfXGCbDwpt+kbA8WxtS0VRmVYaiSZ+7v4XNueLLfgbf948jkaviKRhtCNpDMT+5wSq6yny6i0p+Y6AKRxb2GCUU+uiNuv6RZtVrBTTKpKsbAJf18x7fcYQO0+a90tHFD3QDsS17G/BI/fcYKS1XxlSHMrMiAaVQC+5BO3N8KXaljHOACSdZsrgeHSLbfInHLbMfQm1lUsjTQPpF26bmxOFvNDKDJAwBVG5HX/PzxfqtcOZlZLmxvvtcc4pZleUApdV6X/m+Hx0LaBWsh1KAhiQATxz034x5LNNIAqk6xfqLD+b41kp2JYi5I43xHMioiruJVJ1Nq/bHdhJUYIg5VGa5PQfffFv4NqbuZDIEEjFV8RuD1438sDtQVlJ8Gkfq5viRWM76UlC36vwPewxjTNTRFXakfQbjbdemKTKRbge+JajV3sh6qdII3Fh5YhZmYXLEk84ZEXJncc1zuFIGkSdlnHJYAFR6/fHuXVVDmXYzN6hpKUtH34hkq6cSSd4I0Pg8LWAFy1gTYdLahxYVbqQF2W2kqv+r3w+9lu1MGV/h9mOWxZlNSZnVTTsiIr6WUxRgAkEbk6wNjuOnOFYsKxjck+XQm0lTNTVKrRSESSDSbG/IIP/eDC0s1bpetmlEjHQqnq3kLW5vgSsKUdOZQmmZzpALbgdT9dsSUSz1UrBdbstzyTvgZ72h+Oo6kH8siq8xkNHQF5Zibqou7EgcDnbrvjtfYbssOz2Vok8ZlrpVDSkG9vMbb2HG32vhD/DnIqjLqiHNKmcIzoWTvGC6uhsTY7f5x2jJadLGY1SOWAIC7Fj8+nTjCb3R2SdkrVxoIAJYHCrYARqFAHt88LvaDNviopdTwmPVqCMtpOn6d9yNttucXu1mY9yUTu2jUjUW094Lj0thFp56ypleoE0U6g3MugkC9tiCNvTjGxdiQlRJGlLfvHJ0hr2sQdQN735v74BdtJCDAWsTZnBtybKeRzscO2VJFVZYonhXWAAoZ7WPoQbHp/jfCV23qoZnfwn8qwYFLH9Sgg7Y2NNmCRXq1TEJnV1cCy26Ec3t6ffAuOrRI9FQLo36gN9vP3xfyqoCxywVTPfUbeR88AK+WNGlVg99wradm+eGr0d/SWWWNXN2DR+ptcY0XLajNWkXLIHljjXU7JGdjpLaSQOfCduuIsgyuozyrekpdCyCIyHWdN1BFxfjr18sdSoaasyrsk+WVEVPJBJNIEQVCkM40BmvpFgwYLe7EC+ykHBxiA2cTMxifSAG34YXxs8zTcJGpY3sq2t6DDPmPZDPZ8xleskhmrpX1yHvtbNe5LE+ptyb73tYEhUjRu8GlWL3uNODoGzd6aZIoZHUBJBqS7ci5Hy3BxtoGgLoLFWIJBBGN66slrGR5yTpXSNydsSUksqQ2iQEXNzp64zdbN1ZEkQDMZB08NuMasrazI1y1tXXb1xmMxzCRKSO6Rh4iB5Yt0NcaX8xDKsn6ro3XobYzGY6kc5M6d2J7Q5HldGanMJJqiukAvG8P/rt0Xa1/W/TB7MO265jYwtJBGw07kaiBv8t/njMZiaWKN2GptlTNu1yyUpjqCaiyFVGshhtbYdeR99xgDkHaSjp5nknL6ZHsDIP1Db36/t8sZjMbGCoxvYWoe3NBFUVMSB2p5ZB3Opv083J2Fh/bAXtH2my+oLiSkV0dQGKnSSpAJIPn+3GMxmDUEnZjehHqKgNKzwOBFq1KrG5Avxcc4pVtY07MDIWBN7YzGYYkjG2V4wGUnxXFh748cuQbqAPU2t8sZjMaCSZWJTWBKeqFK8ishlaQxqAVIILeRBI8t98MRpcqgoWp8uzGnbMbaGnkuqAqVcmM2uCTZVO1wrcXtjMZjJHIAw0iSqVpGqZ6rvxHGscdw6b7je+q42Fvng1ntNRQz/8AgUdbToGMbo7hhqUAGxAte977nn1xmMwMns2PR//Z')
INSERT INTO book_author (book_id, author_id) VALUES (9, 1)

INSERT INTO book (id, title, isbn, description, category, pages, image) VALUES (10, 'Siostry', '109', N'Maj 1993. Zwłoki dwóch sióstr zostają znalezione na brzegu Garonny. Dziewczyny, ubrane w pierwszokomunijne sukienki, siedziały naprzeciwko siebie przywiązane do drzew. Młody Martin Servaz bierze udział w swoim pierwszym śledztwie. Szybko zwraca uwagę na Erika Langa, autora porywających, pełnych okrucieństwa kryminałów. Zamordowane siostry były fankami Langa, a jedna z jego najbardziej znanych książek nosi tytuł Panna w bieli. Śledztwo zostaje zakończone. Servaza prześladują jednak wątpliwości: czyżby pominęli jakiś istotny element?

Minęło dwadzieścia pięć lat od podwójnego morderstwa. W mroźną noc Erik Lang znajduje zwłoki swojej żony. Śledztwo prowadzi Martin Servaz. Dawne wątpliwości powracają i stają się obsesją komendanta, która nie daje mu spokoju, podobnie jak złowrogi list pisany czarnym atramentem…', N'Kryminał', 368, 'data:image/jpeg;base64,/9j/4AAQSkZJRgABAQAAAQABAAD/2wBDAAYEBQYFBAYGBQYHBwYIChAKCgkJChQODwwQFxQYGBcUFhYaHSUfGhsjHBYWICwgIyYnKSopGR8tMC0oMCUoKSj/2wBDAQcHBwoIChMKChMoGhYaKCgoKCgoKCgoKCgoKCgoKCgoKCgoKCgoKCgoKCgoKCgoKCgoKCgoKCgoKCgoKCgoKCj/wAARCADIAMgDASIAAhEBAxEB/8QAHQABAAICAwEBAAAAAAAAAAAAAAYHBQgCAwQBCf/EAFEQAAEDAgUBBAQHCgoIBwAAAAEAAgMEEQUGEiExBxNBUWEIInGBFCMykaGz0hUXN0Jjc5OxwfAWJCVSU2JykrTRQ1VkgoOy4fEmM0RGVnSj/8QAGgEBAAMBAQEAAAAAAAAAAAAAAAECAwQFBv/EADARAAIBAwIEBQIGAwEAAAAAAAABAgMRIRIxBCIyURMzQWFxBSMUkaGxwfBCUoHR/9oADAMBAAIRAxEAPwDalERAEREARF5MWxGlwnD5a2vk7KmitrfYm1yAOPMhCG0ldnrRQ6HqVlaaRzI8Su5oufin/wCS50XUbLFa0upcSEgD9HqxP5uR4eIKnS+xl+Ipf7L8yXIsNS5mwqqv2NUHW/qny8vML5XZowegppamtrY4KeJpe+SS7WgWvyU0vsSq1N7SRmkUVwbP2XsajfJhda6pawNc4shebB17d3kV1VvUfLFDWGlqsQMVQOY3QyA8A8W8wlmT41Nf5Il6KNZhzxgGXqL4Xi9cKen1BurQ52544CjLOuXT6SRjGY+wueQAOwk3J/3VDVty0ZKSumWWiwj804QwDVVAXF/kHj5kjzRhMhsyqv8A7jv8lfRLsZ/iaW2pfmZtFiosfw2WV0balupvNwRZYGbqblSDEDRS4oGVQkMRYYn/ACgbEceKrpfYt41PfUiZoofiPUnK2HRRyVmJtjZJu09m83+YeYUgwDGaLH8KhxLC5TNRzXMby0tuAbcHdGmtyYVIT6XcyCIiguEREAREQBERAEREAUP6vQNqOneLxPc5jXCL1mi5BErCPpUwUV6olzciYmWENd8VufzrFaHUjHiXajP4f7Gp9PUNpKPEJonOMnYFseq9jI4hrRz4kKxchULaDCvgtMGPbFEIwX+qHWFtz5qtLPmxahpA4Br5+0kGm40sBfv7XBqtvKTHaH2a2+13Hu5XZSyz5avjSu+f4/8ASUUUMww8NkEbZQ0sDYNQaBewtweLeHHKxWdo54cu4pK2oLqc0Moc6++qxtsLd1xse4bFSKmBDRqNysVnnszknMbHNB/k6c6f+G7dVmjqpLYrboRU/A8MxGQvMbDFTh8jgDpsH9xPn5/SvPnqenmzPLJBN8IBewCUkE/Jbf6b+zjuXo6LRCmxXsH7MfhrZS4nvPZkEH2PK4Z+eXZsqHMLJPWjAkZsH+q0b+zYc8jjuWUekmq7y/6ZD0jIJX5Kjla8gCrZqANhazv39y1ooo2vrqZh3a6RoNj5rZn0in/+AYmOB1PqmD2eq5aysiMlTFEDYuc1o34uVnW6z1+B8o3BEMMURdFG2K7beqANvb3rN0M8TqR19P8AaUXxSPDcHhiY+OmbM5gAjiiDpHHwAG5Xb2dfOTphZRU7W3Ouxc7fgNBsB57+zvXopqSsfOPVGTf7kghf8OxKq1PbHTlg1yXIOw50hu/su39iobNcLKLOVnTOMbKkG+ksOnUDe17jb3q4aDD7Pq44m1Msj2glzp3tube36ALeQVM9Q6QUmP1dO7XdpBAc21rtB8T4+Kxqqx0UJasfJkc70/ZUFHI6R/Zuu1rXgE8eNr/OVsP6Pk3b9KMHda2kyst/ZkcP2KgM5zPnwCicBphBuDa979+3Cvv0dhbpThg/Kz/WuWFbc7/pWVkspERYHshERAEREAREQBERAFEOrbQ7p5jAc4tGmM3F/wCkb4KXqIdW3FvTzGC02IbH4/0jfBWh1Ix4jyp/D/Y1NwaOnxDNUzZ4myMo6PZrmXGt7ge8eA/WrdybDHTwyNhiZG1zgbMaGgm3gFT+RIhWYpjlbI6p0iVrGta/S3U2wJdY7jfjcK5sqAtpC6wF3258gu2ivU+X4l6aqhfZIlkBvysJn/R/AjMGrTqOH1GkuH5N30rLQusQsH1CBfkfHwGhx+BTWHnpO/7UmsM3pPKK9yLG6nx/BHRTxNNThsZcXtDm7RAWIBHe1dfUCpkdm18juzOjQ3Wy5a4Wb9Nxa3cvTlb4jH8rdlGxz3YXEC1xs35Du/fwXm6kyyuzHO50TYzdouHB1wGrFYiTPMjK+kJL2uRaUtIGupYRvbbS4rWl/wAoaSQRuLLY7rs3tOn1DJyGTRk/3CtcpHB51WI+lZ1VznrcC/tG3VHHAKZhhoYqS4G2kBzvM27z57+O6zDBrldoYdRFnE7b+SwwlrnkM7CGnbpbplc/tL+RAt+tS1lMxtOJG+s4CxJAC79SijwNDnJu55BFJHWVRbN2DuzaS/m23mqO6nQyMx6aR0vbBwDu0s4azbkXJ22tzZX7TyRQYlWGpZ2jNDLtDC+57tgN1UPXFgmxiCoZSmmBh02/nWc7fbbv8VjN3wdVKKjZ39TCY5M6bI1AW7WLbklu+x7lsD6Ou/SjC97/ABs/1rlrnVAz5Ao3kXEcoYLEDjUPG/d+/fsZ6Oot0pwwflZ/rXLnrO7R3fTEk5L5LKREWJ64REQBERAEREAREQBQrrRUik6X4/UHTaKFrjfye1TVV36QlG/EOkWOUsYJMrqYGw4b8JiJPuFz7lMdylVJwae1jWrpxC+my+1sjvWlYJLBpuQ52rc+8K3csgNoOTu8m3uCrXBPiYpImNLWANYG+Q4H0Kycu2NDH63edrC4Xo0VZWPj60tdZy7kjj3AJ2KjnUlrn5HxhzJHxvbC4hze8EWIPkQSPepDGduVF+p0z4si4qYnhr3MA3HO428kmsM6aL5okRwRhpcxZXjDxF/JsTi9xBsdLzvf2/8AZeDqRUyTY7K4GJ5boaXRm7T6oN/Lbu3WZhmFPnHLQe31fubFcjf8R3/VYfqHI+ozFKbRaSWDU12ofJHfbdc7Vov5NG+cyfW6J8nT6hsSGtmjLmg8jQ5a8Sstfa2y2G66OtkvDmHfVUMBsTb5Dlr6+O1z+L3JVXMejwL+0bg1UbIjTtiYWs0Ndv3+az0cgfTlrXu1AcH2qNTyyvnpzOyFpLGi0MheG78G7RYqQiP4kvb3LoeUjx44nKx6MNljjxiqbUOdGCxo1DcnZVP1xp3B9JO11T8HeHaXThrQbW+S0btH9rdWvhLnOxSua6MOk7NvqudpBItteyrfrpLJURU/augdpc5uiK5DePxjybgj3LKXVb2Oqn5d/f8Akralnc/IjojKfi6kgMaBfgm5/vdy2W9Hj8FWGb3Paz/WuWtGCxxy5QryYWOkinBDi0EgHSNitmPR6/BZhoItaWcWP51ywq7I7fp/mTRZCIixPWCIiAIiIAiIgCIiAKIdXNP3u8Z1i40MHF9+0bb6bKXqFdZnuZ01xks06rRAauN5mBWj1Ix4jypfDNcML02ff1blpsR5lWPl0/xCIar2JFh7VWWE6g65Lbkgb+//ACVl5fd/EYAPO9uBuvTonx88TJDG5RvqQQMiYvcX+KH/ADBSJh9TxUV6mzOiyJiRbEXgtaLgjb1huQe72eKTWGdNF88TAVhbS5pyjUy30yUsMYt3EtIH0u+hYLOwlGaKhpaYmucwNZqBa06W8fr8lks2xyYczKeJyPdPKI45NFvVaGCMtaB7zydyT5AYjO9TO/NdQXC1nsB0gt2DW22O47lzS2ZtbmwSHrg4MyhSQvGpz6ljR7Q1y1/kG7hYWtt5K9+uzw/LmHAHc1IcB5aHf5hUZMLA2N7blTVXMd3BeUbR1eJQydk/40EBgIMDgW7cHZSaKtY6NsbWy+vw4xuA95tso3iAMboy2xs1tydr+az0LtETvC4XRpujxYTSnI50jDLjVQ2RznExNJ9YtH4vgb/OVC+rwpv4PCKnmaHRzgOhhY0Mb6rgCbXOqwA3PA4Ck7WxyYxIJmukaYQdPzdyjnU8drl6doi7JkWlwFj3useBpHN+bm6ylHJvSqYt7lV5fneMCxeJgHyoySb+P/RbRdBYzF01oWOcHFs04JA2PxrlqlgDmmLFIiSXGNrwAfB1jf8AvLbTojp+9vhbmltn63nSb7lxv9N1z1Vyo9XgsV5f3sTtERc564REQBERAEREAREQBQzrG4M6b4ySL3bGLW8ZWBTNQ3rEL9N8aubepGf/ANGK0OpGVfypfDNZsNIbKeBwFZWAktoICSDdvgqvw9w7TbnbkKzcE2w+mueW3XqUT46riRII3eoTeyjfUixyJiYcSAYxx/bCz7COzO44Uf6hOacjYmHvDfixY3/rBXmsM2oy50YfPTxP06weRrH2aYeW2dbs3D9dvoUTzgWtxGzHjXJFE+wH5Novf3Ka4wPhnS6ika5txTwSXPBtZV1jD4qmloKhrQxxpWMcXbF7mXYf+Rcs0brLM71ta37i4G2SW0t3AM8Rpbc+7b51Tk4vcWA9hVw9V5zU5GwOXT60jon29sRKqOZx1G9iR4Kai5ju4N/b/M2Vxt+8Yu7/AMoHbu5UgElon3twoTLWiqwbDap/qmejikA4tcX/AGqS0U/aUMTyd3RNd9AXTFZPBb0yZ20so+7V9QIMHd7QsJ1DngqMCrImT6nxgao4zqsb7arce+y9TZw3G2XOzobfT/0XhzxMHYBVNEpY4sIDRb1vn+fbwUOOGyac8pe5TeD3bXVLRb14XjfvAsf2LbboI8ydL8L1ctfM33CV1lqJhr7YtGONWpu/mCtuPR//AAXYb+cn+tcuCt0n0nCL7zfsWKiIuY9QIiIAiIgCIiAIiIAoR1qOnpljJ8BD9cxTdQfraWt6X42X8aYvrWK0OpGVfy5fDNbMs0orXVpcH3hhErWs77yMbvYHuce5WxR4fBFT0gjc/s3x6g4k7C5A30+AHNj5DhVDlPD63FsTZS4WxxncN7HSGtHJJ7grkosq4nDQwMNRA94aBYSHc+VwPpXoxkovLsfMVacpK8Y3PdBQwy/B2tkd8c5oFu8XINjbnbwHf78HnWiiOS634TM2ON0OqR5fs3cEX0hxHvHcVl8GwPEMTdPFT6Gvg2eJHaSDusRiOXMSzPgFfhuGaBI9untJDZgOod6vJqz5itFS1R5NzyyUFLH027Noe+KOhLmntA5tmMDhvpF72529irvDcCirsJw+pndMKaenqnBzLHTKx0hDBtsCGk+dnWOxtcRyDiWH5KZh8skdVoo+xlELiSfUsbA8qicp5bxnM1RNQ4Oy0MLdc0krtEcXNgXeJ32G/PcCsZNNXTO2FKSm1KJJc2UcWKZZynTNc/4NJLHBM5pGqOz+xuB53O/AIF+Res34VTt7N1XJJBE+HtTJK57Wk+rtcRHxPGr2q1M59NsxU+QaRsQgqKmhMk0jYJjq0Xe4loIGq3qmw322UGwPp3jeY8Foq6DEMOZTztJijnqHBzWhxbuNJtu02VJSTzc7OGg4xs42yydzgUeGUlI3XalfNSDtCC7RE8saDba9gONvBZ7B6m+GQXcCQ3T8yxmEZBximyu2Katw+Z9IZHvLZXkW+VYEt5spDl/JeMPwWnm7Wi7KdgmjtIb6XAEX253Wsa0V6ni8RwdVylpj6mAqKz+XqcA/iHf3FebMdWHYbVNtu6Jwvx3HwXszFlnEsHr4ayrfAaRzwwzRuLhESLDXtcDfmy9GZMi41Q07Za2oo2UsrSRK2Rzm7D2fModVdzFcJV1J6dtyinSdlVRyfzHA29hW4vo/EHpdhtuO1n+tctaM0dNscwLKcWYcSfRxUc2jRGZSJSX7gabc2ubX7itkPRxf2nSTCXH+kn+tcsKzTjdH03DQcZ3fYs1ERcp3hERAEREAREQBERAFBOuW3SzHD5Q91/8ATMU7UC67m3SjHSPCH66NWh1IzreXL4Zr50uzFR4BjtQ/EWk0tRCYXOYLmP1gdVu8bcK8IoaHEgK3BsUeHvaDeN4kFttyx2/h4WWv3TfOD8oY46rMRmp5YzFLG02NuQR5jz8/arOb1NysHvxKnw6sFa8OOvsmtcSed9VgT3kBdk073SPGtHSlJ/32LJ6fNmjxHGoquQSVLHR63DvuCQbd2xCjX3ZlpOk2IYlg501fYVErZCL2e17m6rHwAv8ASoRlLq7hmFYvi9bj1DVSyVMkclOIGteYwGuZy4jfSbXHn4qOZMzvLgFFVUuIPkqKQfHs7Ehj2PFrlp7+BsfLfxrKEpN39jSEo0owSff9WWF0CzBiFZhbBiNVPUNMD5JHzPLyX9qQDc+Iv8ywOB50wTK+dc14LiREOHTYhK+KdsZIidchzSBvbuBHHv25Q9UMAp8BYzLOEyQOdqcGPhjhjD7n1i1hN97m2yh2R+p7srYjizcSpn1tDXyGV7Y36XtediRfYgjkHwFrd5xcrysXpS0y0Xvl/r6FgQZQircAkg6e5qqWO7XW8ipZOw6mn1XWALL+O/FiqU6f4hikee8EwSrrK74HFWinkonTP7IN1HUws4sTe4tyVOourOVMrwVkuUMsTU9dUN0h8jw1oPdfdxsCb2Fr2VS5NzDHhGesPxzFRNOyKoNROGbveTe9r2BNzdRZ5udUIxWxbPUrH6zAM61GD0VdUUlDPSxyNghlLGFx1Aghpsbjm6uN1I+q6f5ejpcVZhcvwemcZzIWah2PydiPbbyWqfVjOFJnDOT8WwuGpp6YQRxNZOAHXaNzsSO9THPHVLCsc6bYHgeGQ4gMQojTmeSeNjYyGQuY7SQ4k3c4HgbLNu6SKTpJ6n3LW6hSSYLkJ0U5mr5ZQIpKx1iwesHanEn3Dm6y3RjHaTPGU34PizhUzYXMxzXE3L2B12E+y2k+VvFUlVdVcIqujb8qywV4xTsmMEpjY6IlsoeDfVcbC3HPiuPRDqdg+SK6umxanrZW1EIYBSxMcdesm5LnNsLWHfx3d5rlsRClomn6WsZT0k85MzBm9mE0UmqgwouiNjs+Y21n3WDfcfFXb6NZv0hwk2t8bUfWuWm2aMWixnH8TxGJ7mNnqXyxMePW0ucTba4B38VuN6MjtXR3CDe95ajf/jPUTfKkb009bky00RFidIREQBERAEREAREQBQDr1b70uP3/AJsP10an6rz0gn6OkGYHXttAPnnjCtDqRSrmD+DTcyED1TcrrmxGoYDHrIbfgLwvqt9rrzveTuSSV6Wx5ip9z2OqXvIDiTbZeqSrDqNwcXueWuaS4mxBBB/YsOwk9/mu58o7AtJOwO9/FRcs4IymD1IZQGIH1wSAL+P/AHXirJXSTkC5BNgvHC8iK5B03IB/f2LrllJdqF72VbkqnaTZkPuRiFXA99LSyzNZE6odoFw1jSQ5x8gQfmWXrqeAV0kRyzPHM3sWuAlIDXmTULAOHqmMhvJOwN73KisdTKwPDZHtDmlpAcRcHuXTPX1zZWuNZUEtADXdo7YadO3uFvYsZtnVTSWCV0rMOON12J1OWKqXCJHSuhpoZy1sTR/X3vYPjJPFz3AgLI09FhgmbTU2UcRqK+lpuzqGGo/07XEOc5gN+SW8i9tg3hQOHEZO2jNY+eeME6mmU7g2uPK9t/FZifFsMkAc2nxMes9x11geBdwLdN28gXBJJud9uFi7mh78Gw2D4HXMlwCatqGhkrHOqOzDQ8hrAWggkFx9vHC9EdNhs8cGjK1VpbOYnOjqi7tHFzi1huf5l+LbsBvyDhjiWDmamMOHYh2Yje2dnww6pnXeWPuBsW3Z3W9XjcrnUYjg8tbVOoqTE6Slc68MLavVouLOuSN+SB5WBvuSuTgwle5hrqg08T4YXSO0RuN9AvsL99vFbv8Aovi3RnB7cdrUfXPWj9Q1r55pIydBcXND3anWO4ubbrd/0Xd+jOD/AJ2o+ueok8CO5a6IizNAiIgCIiAIiIAiIgCrf0izp6N5hN7bU/8AiI1ZCrX0j9+jGYuf/T8f/YiVodSKz6WaPXudrBc2nYgWN/FcCB437l8HO5v5Behc4ju2A0krjPbs3AG230rr1AG9v1rjIdUZO1htyqthLJwjeBCAb3379lzdJq9UNA873uugfJ4Xwm9trKhppOUmlpB1b+A4C6JDq2tyu4MZq9YkC172ufLZcNFt9yDa571RsssHQ1hc4gA7c2HC5aQW2a67hz3LmbNJ0XtuAeCR5o17m2AA9oVC92cG6RcXvsPeV6w1rb3voHePYvHbQAH2N+4FcTdxNtgqSu9g43PQ6YMIbpDj59y3i9GB2vo1g5/K1H1z1oo0bi4/zW9Xou/gYwe39LUfXPVGrItGKTLXREUGgREQBERAEREAREQBVn6SZI6K5iI5/i3+JiVmKs/SS/ArmK/+zf4mJTHdFZbM0aB33su4G4sG7W3N15+T6uy+ucALX525XbqOVq52vcwD1SCvPKSRYX28RbdctIcCbBrfMrjINJDQ/ULDjwVWyYo5DQ2MEOsSODflcQS+xAtbndcB65tbgcrsb6obrGpvNhtdRcsfNTi0sLhzfwP77LhcjYvNyN1JXZbAwmWrbPaRknZPabWB2+T3uG/Iv71HIraS0M1SW5BtYfOqMiMlLY4PBLQDYAbr4fjHA3uBsLtAHzBcw0PbdwEfA4vt4jz/AH2XW94BGkEDkFQ2XXY++qCbAkHg+H7+C42aCQXkDuuN/mTVcOsbk+Vl8eGulkdchtyRdVyWSOLnEbCzfZ3ref0W/wAC2Dfnaj6560XaAXgG+63p9F0W6MYOLEfG1Gx/PPVGXRa6IiqWCIiAIiIAiIgCIiAKsfSWNuieYyf9m/xMSs5YzMuBYdmXBKnCcapxU0FRp7WIuLdWlwcNxvy0FSnZkNXPzbBvce8BD8rmxPmt7PvG9PRxgDP08n2k+8b09/1A39PJ9pa+IjPw2aIvu78fYbDZcO47n2rfA9C+nh5wBp9s8n2k+8X09/1Az9PJ9pR4iJ0M0Ta8kaGncnmy5aXaiXXG3jvZb1job0+HGAtHsnk+0n3jentrfcBn6eT7SnxERoZpRHj8jcNdQNp4hG5ukyanA8EX58ztxvwsMZBoIBdf2WC3vPQvp5a38H2fp5PtL4OhXTwG/wDB9n6eT7SpqCpJbGhty+zSTYea7AIyAbPuObHZb3joX08HGX2fp5PtL7947p9p0/cEW8PhEv2lKmizizQx2gOIB1eHgus88G/kt9vvF9PP/j7N/wAvJ9pPvF9PL3+4DCfEzyfaUOVyVGxoWAQP1+S3o9Fs36L4OfytR9c9es9Cunh/9vs/TyfaU4yvl7DMr4NDhWB0wpqCEucyIOLrFxLjuTfklVbJSMqiIoJCIiAIiIAiIgCIiAIiIAiIgCIiAIiIAiIgCIiAIiIAiIgCIiAIiIAiIgP/2Q==')
INSERT INTO book_author (book_id, author_id) VALUES (10, 1)

--Book items
INSERT INTO book_item (id, book_id, is_available, since_when_in_library_date) VALUES (1, 1, true, '2020-04-11 12:12:44')
INSERT INTO book_item (id, book_id, is_available, since_when_in_library_date) VALUES (2, 1, true, '2020-04-12 22:12:44')
INSERT INTO book_item (id, book_id, is_available, since_when_in_library_date) VALUES (3, 1, true, '2020-04-13 12:22:44')

INSERT INTO book_item (id, book_id, is_available, since_when_in_library_date) VALUES (4, 5, true, '2020-03-13 11:52:44')
INSERT INTO book_item (id, book_id, is_available, since_when_in_library_date) VALUES (5, 5, true, '2020-01-13 12:52:44')

INSERT INTO book_item (id, book_id, is_available, since_when_in_library_date) VALUES (6, 4, true, '2020-03-13 12:12:44')
INSERT INTO book_item (id, book_id, is_available, since_when_in_library_date) VALUES (7, 4, true, '2020-01-06 16:12:44')
INSERT INTO book_item (id, book_id, is_available, since_when_in_library_date) VALUES (8, 4, true, '2020-02-23 12:12:44')
INSERT INTO book_item (id, book_id, is_available, since_when_in_library_date) VALUES (9, 4, true, '2020-01-23 18:12:44')

INSERT INTO book_item (id, book_id, is_available, since_when_in_library_date) VALUES (10, 2, true, '2020-01-03 11:12:44')
INSERT INTO book_item (id, book_id, is_available, since_when_in_library_date) VALUES (11, 2, true, '2020-02-07 18:19:44')
INSERT INTO book_item (id, book_id, is_available, since_when_in_library_date) VALUES (12, 2, true, '2020-01-06 14:12:44')

INSERT INTO book_item (id, book_id, is_available, since_when_in_library_date) VALUES (13, 3, true, '2020-01-21 08:12:44')
INSERT INTO book_item (id, book_id, is_available, since_when_in_library_date) VALUES (14, 3, true, '2020-01-29 11:01:44')

INSERT INTO book_item (id, book_id, is_available, since_when_in_library_date) VALUES (15, 6, true, '2020-01-29 11:01:44')
INSERT INTO book_item (id, book_id, is_available, since_when_in_library_date) VALUES (16, 6, true, '2020-01-29 11:01:44')
INSERT INTO book_item (id, book_id, is_available, since_when_in_library_date) VALUES (17, 6, true, '2020-01-29 11:01:44')

INSERT INTO book_item (id, book_id, is_available, since_when_in_library_date) VALUES (18, 6, true, '2020-01-29 11:01:44')
INSERT INTO book_item (id, book_id, is_available, since_when_in_library_date) VALUES (19, 6, true, '2020-01-29 11:01:44')
INSERT INTO book_item (id, book_id, is_available, since_when_in_library_date) VALUES (20, 6, true, '2020-01-29 11:01:44')

INSERT INTO book_item (id, book_id, is_available, since_when_in_library_date) VALUES (21, 7, true, '2020-01-29 11:01:44')
INSERT INTO book_item (id, book_id, is_available, since_when_in_library_date) VALUES (22, 7, true, '2020-01-29 11:01:44')

INSERT INTO book_item (id, book_id, is_available, since_when_in_library_date) VALUES (23, 8, true, '2020-01-29 11:01:44')
INSERT INTO book_item (id, book_id, is_available, since_when_in_library_date) VALUES (24, 8, true, '2020-01-29 11:01:44')

INSERT INTO book_item (id, book_id, is_available, since_when_in_library_date) VALUES (25, 9, true, '2020-01-29 11:01:44')
INSERT INTO book_item (id, book_id, is_available, since_when_in_library_date) VALUES (26, 9, true, '2020-01-29 11:01:44')

INSERT INTO book_item (id, book_id, is_available, since_when_in_library_date) VALUES (27, 10, true, '2020-01-29 11:01:44')
INSERT INTO book_item (id, book_id, is_available, since_when_in_library_date) VALUES (28, 10, true, '2020-01-29 11:01:44')

